1.695451534107464799e-03,0.000000000000000000e+00
2.535027798088602610e-03,1.000000000000000021e-03
5.210204488026337621e-03,2.000000000000000042e-03
3.191301464773449881e-03,3.000000000000000062e-03
3.359362422856704364e-03,4.000000000000000083e-03
5.745063582224383195e-03,5.000000000000000104e-03
1.962970919950594731e-04,6.000000000000000125e-03
1.136583524106063101e-02,7.000000000000000146e-03
2.028701024192205646e-02,8.000000000000000167e-03
8.347840269888044673e-03,9.000000000000001055e-03
6.159767534528090213e-03,1.000000000000000021e-02
3.180474317736567500e-03,1.099999999999999936e-02
1.065711404777935911e-02,1.200000000000000025e-02
2.302914985958255667e-03,1.300000000000000114e-02
-3.558477463460297044e-03,1.400000000000000029e-02
-5.542750722824627344e-03,1.499999999999999944e-02
6.696162383332963756e-03,1.600000000000000033e-02
7.132269499142412407e-03,1.700000000000000122e-02
-8.196818278349996348e-05,1.800000000000000211e-02
-5.076356753665046788e-03,1.899999999999999953e-02
-7.788923059015154422e-03,2.000000000000000042e-02
-4.118951496968792543e-03,2.100000000000000130e-02
6.676639596596298243e-03,2.199999999999999872e-02
2.736054341936508105e-03,2.299999999999999961e-02
-2.645714351119954257e-03,2.400000000000000050e-02
-7.456451824544527499e-03,2.500000000000000139e-02
-1.382103278526308245e-02,2.600000000000000228e-02
-8.301741546329673843e-03,2.699999999999999969e-02
-6.499282532771573709e-03,2.800000000000000058e-02
-3.628002201582298560e-03,2.900000000000000147e-02
-9.268795453442273125e-03,2.999999999999999889e-02
-9.264702326782980543e-03,3.099999999999999978e-02
-5.070838824597492973e-03,3.200000000000000067e-02
-1.975678626238402524e-03,3.300000000000000155e-02
-5.383962007056222743e-03,3.400000000000000244e-02
-2.114115357950497806e-02,3.500000000000000333e-02
-2.060859166790234009e-02,3.600000000000000422e-02
-1.950345009378957536e-02,3.699999999999999817e-02
-1.048942566987096613e-02,3.799999999999999906e-02
-9.788816172602025217e-03,3.899999999999999994e-02
-4.106603064429181077e-03,4.000000000000000083e-02
-4.047527784168562857e-04,4.100000000000000172e-02
-2.793930535209532967e-03,4.200000000000000261e-02
4.413261399506915317e-03,4.300000000000000350e-02
1.796123616342866448e-03,4.399999999999999745e-02
1.175626568320748029e-03,4.499999999999999833e-02
-1.003433044422422094e-03,4.599999999999999922e-02
-4.009166661734447391e-03,4.700000000000000011e-02
-1.447561042501997915e-02,4.800000000000000100e-02
-1.583909486145907569e-02,4.900000000000000189e-02
-1.764122216432084667e-02,5.000000000000000278e-02
-2.485415075033350213e-02,5.100000000000000366e-02
-2.352896104772049871e-02,5.200000000000000455e-02
-2.151195040246490012e-02,5.299999999999999850e-02
-2.724695930883269321e-02,5.399999999999999939e-02
-2.603173252094745371e-02,5.500000000000000028e-02
-2.762581834201614447e-02,5.600000000000000117e-02
-2.905958548038290595e-02,5.700000000000000205e-02
-3.964001634178935390e-02,5.800000000000000294e-02
-4.236208720537038008e-02,5.900000000000000383e-02
-4.297408169309115122e-02,5.999999999999999778e-02
-4.310890461522431244e-02,6.099999999999999867e-02
-4.506033461745243690e-02,6.199999999999999956e-02
-5.663738875740412237e-02,6.300000000000000044e-02
-4.989750255898961484e-02,6.400000000000000133e-02
-4.123250630241190318e-02,6.500000000000000222e-02
-3.932279076685158553e-02,6.600000000000000311e-02
-3.918024413045979176e-02,6.700000000000000400e-02
-4.559833802394966384e-02,6.800000000000000488e-02
-5.811037246839710624e-02,6.900000000000000577e-02
-6.176454415824859934e-02,7.000000000000000666e-02
-6.015997385574389095e-02,7.100000000000000755e-02
-6.314811329196456935e-02,7.200000000000000844e-02
-5.941059893158702476e-02,7.299999999999999545e-02
-5.607862172228582354e-02,7.399999999999999634e-02
-4.668812914397040686e-02,7.499999999999999722e-02
-4.193543284212534333e-02,7.599999999999999811e-02
-4.611028438559766629e-02,7.699999999999999900e-02
-3.877063408713372211e-02,7.799999999999999989e-02
-3.860793052479221527e-02,7.900000000000000078e-02
-3.708783613150039293e-02,8.000000000000000167e-02
-4.104751491380682904e-02,8.100000000000000255e-02
-5.122543636686427426e-02,8.200000000000000344e-02
-5.626692150360772943e-02,8.300000000000000433e-02
-6.626511618342861842e-02,8.400000000000000522e-02
-6.552083784834393521e-02,8.500000000000000611e-02
-6.948678089370544098e-02,8.600000000000000699e-02
-7.078409520952728962e-02,8.700000000000000788e-02
-6.587622700081803562e-02,8.799999999999999489e-02
-5.543653996872462825e-02,8.899999999999999578e-02
-5.180945348814663259e-02,8.999999999999999667e-02
-5.449223548276826284e-02,9.099999999999999756e-02
-5.120508207665881717e-02,9.199999999999999845e-02
-3.886638996039756128e-02,9.299999999999999933e-02
-4.840777201643178818e-02,9.400000000000000022e-02
-5.539040908525912771e-02,9.500000000000000111e-02
-6.163362508623607822e-02,9.600000000000000200e-02
-6.327419907203266081e-02,9.700000000000000289e-02
-6.853149816693414331e-02,9.800000000000000377e-02
-6.739216051183175016e-02,9.900000000000000466e-02
-6.080756399167068504e-02,1.000000000000000056e-01
-5.273915673712380181e-02,1.010000000000000064e-01
-4.570850525782042817e-02,1.020000000000000073e-01
-4.826603360776027946e-02,1.030000000000000082e-01
-5.169981244410013638e-02,1.040000000000000091e-01
-4.651047503407744477e-02,1.049999999999999961e-01
-4.457487607093758852e-02,1.059999999999999970e-01
-4.284696687631032314e-02,1.069999999999999979e-01
-4.101383756791562862e-02,1.079999999999999988e-01
-4.130028584625140137e-02,1.089999999999999997e-01
-2.959053340307096769e-02,1.100000000000000006e-01
-2.576272578058797294e-02,1.110000000000000014e-01
-1.114147556933845623e-02,1.120000000000000023e-01
-1.806423505637594698e-02,1.130000000000000032e-01
-2.561637693471734839e-02,1.140000000000000041e-01
-2.247173694468731012e-02,1.150000000000000050e-01
-2.080009885164508035e-02,1.160000000000000059e-01
-2.303239857135612814e-02,1.170000000000000068e-01
-2.432172000227196887e-02,1.180000000000000077e-01
-2.453568574659253237e-02,1.190000000000000085e-01
-2.924443354811795057e-02,1.199999999999999956e-01
-2.410492927729732116e-02,1.209999999999999964e-01
-2.031324625715067930e-02,1.219999999999999973e-01
-1.632109015328777821e-02,1.229999999999999982e-01
-1.591525990950950695e-02,1.239999999999999991e-01
-1.460622275883660150e-02,1.250000000000000000e-01
-1.290810846779283025e-02,1.260000000000000009e-01
-1.022285782907897227e-02,1.270000000000000018e-01
-1.176473061654671748e-02,1.280000000000000027e-01
-5.851395837030281578e-03,1.290000000000000036e-01
-3.171878981454482726e-03,1.300000000000000044e-01
3.643504802945079341e-04,1.310000000000000053e-01
-9.326587405047211815e-03,1.320000000000000062e-01
-6.879040718132546813e-03,1.330000000000000071e-01
-8.030413157280268804e-03,1.340000000000000080e-01
-8.622182503813295706e-03,1.350000000000000089e-01
5.030126564407926860e-03,1.360000000000000098e-01
8.844030295306507666e-03,1.370000000000000107e-01
1.477323531694042531e-03,1.380000000000000115e-01
-3.563799712911858760e-03,1.390000000000000124e-01
-1.066268316162687947e-02,1.400000000000000133e-01
-9.966062239516380178e-03,1.410000000000000142e-01
-4.425045998834505404e-03,1.420000000000000151e-01
-8.363520126633862406e-03,1.430000000000000160e-01
-7.859911659374455017e-03,1.440000000000000169e-01
-7.407685378004019369e-03,1.449999999999999900e-01
-4.190425928769375870e-03,1.459999999999999909e-01
-2.940832138155778696e-05,1.469999999999999918e-01
4.027192221787801417e-03,1.479999999999999927e-01
4.911431048697269264e-03,1.489999999999999936e-01
6.863001268186172572e-03,1.499999999999999944e-01
2.592855094799318815e-03,1.509999999999999953e-01
1.401685223722314120e-04,1.519999999999999962e-01
2.136277995386821806e-03,1.529999999999999971e-01
9.596128875906217992e-03,1.539999999999999980e-01
1.236941008748440249e-02,1.549999999999999989e-01
1.399026598565227333e-02,1.559999999999999998e-01
2.518497199120986116e-02,1.570000000000000007e-01
1.404843557688852801e-02,1.580000000000000016e-01
1.244895274371837736e-03,1.590000000000000024e-01
2.980390126241967697e-03,1.600000000000000033e-01
9.742380412899157060e-04,1.610000000000000042e-01
-3.110600433571595442e-04,1.620000000000000051e-01
-3.639478329685310546e-03,1.630000000000000060e-01
-1.958887053884598040e-03,1.640000000000000069e-01
-8.611333080238391113e-03,1.650000000000000078e-01
-1.694516128691617163e-02,1.660000000000000087e-01
-1.067449529294686728e-02,1.670000000000000095e-01
-1.118795197903757824e-02,1.680000000000000104e-01
-9.445114985052793788e-03,1.690000000000000113e-01
-1.060054161839478482e-02,1.700000000000000122e-01
-6.394947149633840693e-03,1.710000000000000131e-01
-6.269309917436707152e-03,1.720000000000000140e-01
2.016096915542883901e-03,1.730000000000000149e-01
-8.285323443118110601e-03,1.740000000000000158e-01
-8.537597978273601951e-03,1.750000000000000167e-01
-3.249943525405049691e-03,1.759999999999999898e-01
3.595849124788243027e-03,1.769999999999999907e-01
-1.440011544574045410e-04,1.779999999999999916e-01
-6.794008342465875788e-03,1.789999999999999925e-01
-6.132015408922573095e-03,1.799999999999999933e-01
1.809787309691865886e-04,1.809999999999999942e-01
1.073399141968673634e-03,1.819999999999999951e-01
9.273426934506764918e-03,1.829999999999999960e-01
1.266384490477658574e-02,1.839999999999999969e-01
1.114015188086286620e-02,1.849999999999999978e-01
1.186546337667403195e-02,1.859999999999999987e-01
4.176660295212579650e-03,1.869999999999999996e-01
9.453728117801069031e-03,1.880000000000000004e-01
1.041395471306578134e-02,1.890000000000000013e-01
6.033144035497347950e-03,1.900000000000000022e-01
8.465567393234662077e-03,1.910000000000000031e-01
2.363788951831332415e-03,1.920000000000000040e-01
1.594412501230006848e-03,1.930000000000000049e-01
7.840133740431765377e-03,1.940000000000000058e-01
1.436249632461828948e-02,1.950000000000000067e-01
1.862349931127398397e-02,1.960000000000000075e-01
1.605630759955399903e-02,1.970000000000000084e-01
1.795345259493356591e-02,1.980000000000000093e-01
2.357544234315561704e-02,1.990000000000000102e-01
2.361957511398661558e-02,2.000000000000000111e-01
1.667241511385303410e-02,2.010000000000000120e-01
1.600850135697915594e-02,2.020000000000000129e-01
1.679995646668175011e-02,2.030000000000000138e-01
7.526035648429890874e-03,2.040000000000000147e-01
2.262203137978441563e-03,2.050000000000000155e-01
6.582417923356760105e-03,2.060000000000000164e-01
1.078180130330140714e-02,2.070000000000000173e-01
1.744676646417299415e-02,2.080000000000000182e-01
1.834804964405296196e-02,2.089999999999999913e-01
1.368000568651724959e-02,2.099999999999999922e-01
1.777710622346534777e-02,2.109999999999999931e-01
1.292136099148071156e-02,2.119999999999999940e-01
4.510582403932638165e-03,2.129999999999999949e-01
2.922732244957606650e-03,2.139999999999999958e-01
2.168819061035940840e-03,2.149999999999999967e-01
-5.094818802815696823e-03,2.159999999999999976e-01
-5.837783194794014287e-03,2.169999999999999984e-01
-2.745308962081132982e-04,2.179999999999999993e-01
6.209421729723964972e-03,2.190000000000000002e-01
7.484870915407773259e-03,2.200000000000000011e-01
5.359453788361450907e-03,2.210000000000000020e-01
9.552834135112752215e-03,2.220000000000000029e-01
1.196143427757600033e-02,2.230000000000000038e-01
1.555950323867260135e-02,2.240000000000000047e-01
1.235901943257061188e-02,2.250000000000000056e-01
-1.064397164436810218e-03,2.260000000000000064e-01
7.185700215482613033e-04,2.270000000000000073e-01
2.149284093571505582e-03,2.280000000000000082e-01
-3.752992454776557258e-03,2.290000000000000091e-01
6.076242593939738248e-04,2.300000000000000100e-01
-4.359758247313711213e-03,2.310000000000000109e-01
-6.385244956482062813e-03,2.320000000000000118e-01
-1.415496621021482618e-02,2.330000000000000127e-01
-8.199968263355950082e-03,2.340000000000000135e-01
-4.188965145716191940e-03,2.350000000000000144e-01
-7.148704528388118498e-03,2.360000000000000153e-01
-1.005859443525015419e-02,2.370000000000000162e-01
-1.222513114759531810e-02,2.380000000000000171e-01
-7.386186093699463433e-03,2.390000000000000180e-01
1.615545581407488475e-03,2.399999999999999911e-01
1.471175131714262891e-03,2.409999999999999920e-01
7.114744670823288514e-03,2.419999999999999929e-01
7.504600461245026707e-03,2.429999999999999938e-01
6.560225203947540537e-03,2.439999999999999947e-01
5.104354261606667935e-03,2.449999999999999956e-01
7.862584825315615047e-03,2.459999999999999964e-01
1.716227382861170575e-02,2.469999999999999973e-01
1.604319317372889658e-02,2.479999999999999982e-01
1.849678499067115497e-02,2.489999999999999991e-01
2.026903261717412016e-02,2.500000000000000000e-01
2.391032853648775158e-02,2.510000000000000009e-01
7.481404362526917866e-03,2.520000000000000018e-01
-2.143651219834416619e-03,2.530000000000000027e-01
-5.370399798830486661e-03,2.540000000000000036e-01
-9.218153521047984036e-03,2.550000000000000044e-01
-6.513870306985771602e-03,2.560000000000000053e-01
-2.678691106992857254e-03,2.570000000000000062e-01
-3.096002089363906942e-03,2.580000000000000071e-01
-3.023926990346715790e-03,2.590000000000000080e-01
-1.409935796302634690e-03,2.600000000000000089e-01
-5.181686854464324400e-03,2.610000000000000098e-01
1.526440229630091202e-03,2.620000000000000107e-01
8.239433479481229894e-03,2.630000000000000115e-01
1.413660187072147099e-02,2.640000000000000124e-01
1.973656784997126698e-02,2.650000000000000133e-01
1.242695046525008930e-02,2.660000000000000142e-01
6.286079729237805530e-03,2.670000000000000151e-01
1.074121250073634647e-02,2.680000000000000160e-01
2.032832361619938549e-02,2.690000000000000169e-01
2.540802854045496814e-02,2.700000000000000178e-01
2.870523160249413216e-02,2.710000000000000187e-01
2.822994018179625017e-02,2.720000000000000195e-01
3.543409393342090291e-02,2.730000000000000204e-01
3.554167780519648656e-02,2.740000000000000213e-01
3.463800370670003931e-02,2.750000000000000222e-01
3.121169848930128304e-02,2.760000000000000231e-01
2.683145906426660787e-02,2.770000000000000240e-01
2.150412492920378629e-02,2.780000000000000249e-01
2.208979362284474793e-02,2.790000000000000258e-01
1.844970194147801251e-02,2.800000000000000266e-01
1.884988066072296881e-02,2.810000000000000275e-01
1.477387744555767705e-02,2.820000000000000284e-01
1.044458216353179661e-02,2.830000000000000293e-01
-1.472622902085705000e-03,2.840000000000000302e-01
3.064889391831632139e-03,2.850000000000000311e-01
5.451567273487925927e-03,2.860000000000000320e-01
1.592648216952051053e-03,2.870000000000000329e-01
-2.945342713833243482e-03,2.880000000000000338e-01
2.556984471738374485e-03,2.889999999999999791e-01
-1.153599742361231242e-03,2.899999999999999800e-01
1.578001714651417354e-03,2.909999999999999809e-01
2.030358362217225300e-03,2.919999999999999818e-01
4.885382416875346488e-03,2.929999999999999827e-01
9.893065448186069352e-03,2.939999999999999836e-01
9.614672737221231433e-03,2.949999999999999845e-01
7.415652536908000705e-03,2.959999999999999853e-01
6.924450031605323790e-03,2.969999999999999862e-01
1.148787971887680649e-02,2.979999999999999871e-01
1.801136604419656742e-02,2.989999999999999880e-01
1.342801217693023567e-02,2.999999999999999889e-01
1.371900312059571789e-02,3.009999999999999898e-01
9.020860162361270598e-03,3.019999999999999907e-01
1.244088654423442138e-02,3.029999999999999916e-01
2.253000579336676690e-02,3.039999999999999925e-01
3.024086159033128121e-02,3.049999999999999933e-01
2.302991899296366954e-02,3.059999999999999942e-01
3.711392191666951917e-02,3.069999999999999951e-01
3.816569558300095255e-02,3.079999999999999960e-01
3.533985761725338265e-02,3.089999999999999969e-01
3.466577649837117303e-02,3.099999999999999978e-01
3.900247777161586216e-02,3.109999999999999987e-01
3.432496606174578746e-02,3.119999999999999996e-01
3.653478996991643690e-02,3.130000000000000004e-01
3.957249294117048261e-02,3.140000000000000013e-01
3.383913052422658080e-02,3.150000000000000022e-01
3.565611194193615135e-02,3.160000000000000031e-01
3.322994357113868980e-02,3.170000000000000040e-01
3.560572260033634251e-02,3.180000000000000049e-01
4.021019904073543788e-02,3.190000000000000058e-01
4.337668735499424638e-02,3.200000000000000067e-01
5.000979389354354848e-02,3.210000000000000075e-01
4.931979396240646074e-02,3.220000000000000084e-01
4.019457049954835992e-02,3.230000000000000093e-01
3.851704981655365567e-02,3.240000000000000102e-01
3.688774389529069636e-02,3.250000000000000111e-01
4.064926956705957467e-02,3.260000000000000120e-01
4.484473800163051027e-02,3.270000000000000129e-01
4.828136587267849167e-02,3.280000000000000138e-01
4.905156552375948553e-02,3.290000000000000147e-01
5.553485408571826043e-02,3.300000000000000155e-01
5.058522108251396060e-02,3.310000000000000164e-01
4.657866623600195877e-02,3.320000000000000173e-01
5.750067076276170475e-02,3.330000000000000182e-01
5.044142497586163315e-02,3.340000000000000191e-01
5.156087778302725216e-02,3.350000000000000200e-01
5.304729683343755581e-02,3.360000000000000209e-01
5.172209924792209312e-02,3.370000000000000218e-01
5.165380888336067178e-02,3.380000000000000226e-01
5.742053389055681162e-02,3.390000000000000235e-01
6.208265743874111925e-02,3.400000000000000244e-01
6.018870680717247623e-02,3.410000000000000253e-01
6.174200479255526758e-02,3.420000000000000262e-01
6.179941127703822423e-02,3.430000000000000271e-01
5.409475075624720769e-02,3.440000000000000280e-01
5.972228166448149966e-02,3.450000000000000289e-01
5.793528695895325958e-02,3.460000000000000298e-01
5.625729240618787541e-02,3.470000000000000306e-01
4.998218616169307349e-02,3.480000000000000315e-01
5.447400784556789138e-02,3.490000000000000324e-01
5.499440889151677864e-02,3.500000000000000333e-01
5.052893954164302398e-02,3.510000000000000342e-01
5.173897868406587830e-02,3.519999999999999796e-01
4.419583522898385547e-02,3.529999999999999805e-01
5.030602066072247663e-02,3.539999999999999813e-01
4.943642040079344185e-02,3.549999999999999822e-01
4.570813337571813517e-02,3.559999999999999831e-01
4.546749552523087629e-02,3.569999999999999840e-01
3.958053843058269988e-02,3.579999999999999849e-01
4.146893994338003708e-02,3.589999999999999858e-01
4.518802105291318955e-02,3.599999999999999867e-01
4.193250442121372601e-02,3.609999999999999876e-01
3.167330664423161080e-02,3.619999999999999885e-01
2.838816418177022433e-02,3.629999999999999893e-01
3.076179335627559144e-02,3.639999999999999902e-01
3.597425518344477685e-02,3.649999999999999911e-01
3.095548637295761352e-02,3.659999999999999920e-01
3.303552198191862799e-02,3.669999999999999929e-01
3.068004685587536959e-02,3.679999999999999938e-01
2.235108516438701065e-02,3.689999999999999947e-01
2.336930191516628855e-02,3.699999999999999956e-01
2.086078383784226165e-02,3.709999999999999964e-01
1.878103887678878384e-02,3.719999999999999973e-01
1.659364832387922456e-02,3.729999999999999982e-01
2.128909645330085559e-02,3.739999999999999991e-01
3.102474567751518225e-02,3.750000000000000000e-01
3.544395892388428615e-02,3.760000000000000009e-01
3.664448996351537396e-02,3.770000000000000018e-01
3.929789728022567430e-02,3.780000000000000027e-01
4.779552285902882031e-02,3.790000000000000036e-01
5.225246636583814885e-02,3.800000000000000044e-01
5.544482096854860820e-02,3.810000000000000053e-01
5.210552002021440893e-02,3.820000000000000062e-01
5.059048423203775513e-02,3.830000000000000071e-01
4.898761354548680780e-02,3.840000000000000080e-01
4.435180733433451150e-02,3.850000000000000089e-01
4.199264208828581285e-02,3.860000000000000098e-01
3.792961823136224014e-02,3.870000000000000107e-01
4.066894722812266355e-02,3.880000000000000115e-01
5.249525021771119654e-02,3.890000000000000124e-01
5.808685334915907744e-02,3.900000000000000133e-01
5.520069453811671939e-02,3.910000000000000142e-01
5.445311922099599355e-02,3.920000000000000151e-01
5.732365212444452685e-02,3.930000000000000160e-01
5.705292673717760055e-02,3.940000000000000169e-01
5.881985601372792527e-02,3.950000000000000178e-01
5.634415721834981627e-02,3.960000000000000187e-01
5.682494855117697224e-02,3.970000000000000195e-01
5.563750642496221449e-02,3.980000000000000204e-01
5.486232417892680790e-02,3.990000000000000213e-01
5.442473059399961094e-02,4.000000000000000222e-01
5.916756799100027220e-02,4.010000000000000231e-01
6.833462231141454457e-02,4.020000000000000240e-01
7.006866206164237554e-02,4.030000000000000249e-01
7.077143893357960847e-02,4.040000000000000258e-01
6.999596762489081192e-02,4.050000000000000266e-01
7.364162393408590912e-02,4.060000000000000275e-01
7.445811214703208780e-02,4.070000000000000284e-01
7.419032350498046269e-02,4.080000000000000293e-01
6.388714051504125468e-02,4.090000000000000302e-01
5.848039171060104985e-02,4.100000000000000311e-01
5.731298346052871723e-02,4.110000000000000320e-01
6.156686411330902081e-02,4.120000000000000329e-01
6.664325034797205505e-02,4.130000000000000338e-01
7.415131903834443206e-02,4.140000000000000346e-01
7.957331830623703972e-02,4.150000000000000355e-01
8.165206760888225890e-02,4.160000000000000364e-01
7.899997970723560137e-02,4.169999999999999818e-01
7.368034232029690989e-02,4.179999999999999827e-01
7.779831011660383322e-02,4.189999999999999836e-01
7.624814650522764026e-02,4.199999999999999845e-01
7.065830837229983286e-02,4.209999999999999853e-01
7.035536444033378689e-02,4.219999999999999862e-01
6.764011633151877090e-02,4.229999999999999871e-01
6.017932928089505390e-02,4.239999999999999880e-01
5.737686947476700050e-02,4.249999999999999889e-01
6.149986229121059966e-02,4.259999999999999898e-01
6.544546204978177184e-02,4.269999999999999907e-01
6.806986349554855487e-02,4.279999999999999916e-01
6.758083094958267090e-02,4.289999999999999925e-01
7.235976934236110214e-02,4.299999999999999933e-01
6.280379354072523901e-02,4.309999999999999942e-01
4.746326233707242465e-02,4.319999999999999951e-01
4.790127741688224999e-02,4.329999999999999960e-01
4.290863067981352114e-02,4.339999999999999969e-01
3.922262922593797163e-02,4.349999999999999978e-01
3.929608534565139782e-02,4.359999999999999987e-01
4.541938079084548857e-02,4.369999999999999996e-01
4.157460718906321601e-02,4.380000000000000004e-01
3.625961093301039578e-02,4.390000000000000013e-01
3.065406259666373506e-02,4.400000000000000022e-01
3.093507963388974352e-02,4.410000000000000031e-01
3.309719489975130463e-02,4.420000000000000040e-01
2.894963868521755954e-02,4.430000000000000049e-01
2.724464335636074541e-02,4.440000000000000058e-01
3.080598066817387057e-02,4.450000000000000067e-01
2.598002793431272370e-02,4.460000000000000075e-01
3.263817292182602525e-02,4.470000000000000084e-01
3.482398097907492274e-02,4.480000000000000093e-01
3.569804818454453549e-02,4.490000000000000102e-01
3.941522992479809528e-02,4.500000000000000111e-01
3.524970991369864859e-02,4.510000000000000120e-01
3.016579929464690071e-02,4.520000000000000129e-01
3.302610868444771225e-02,4.530000000000000138e-01
3.200013817691776258e-02,4.540000000000000147e-01
2.877192045856345401e-02,4.550000000000000155e-01
3.001866688458315960e-02,4.560000000000000164e-01
2.359861027274145692e-02,4.570000000000000173e-01
1.979881467265686909e-02,4.580000000000000182e-01
1.904949942737590302e-02,4.590000000000000191e-01
1.919531842190936449e-02,4.600000000000000200e-01
2.389931707427693508e-02,4.610000000000000209e-01
1.879990378495928482e-02,4.620000000000000218e-01
1.659353886397792535e-02,4.630000000000000226e-01
1.879595438660738513e-02,4.640000000000000235e-01
1.366910413586612180e-02,4.650000000000000244e-01
1.753000962488553138e-02,4.660000000000000253e-01
1.815570066771193813e-02,4.670000000000000262e-01
1.260736617461431959e-02,4.680000000000000271e-01
1.523240581644351617e-02,4.690000000000000280e-01
1.667365605831973643e-02,4.700000000000000289e-01
2.174176223181333023e-02,4.710000000000000298e-01
1.645260672523995646e-02,4.720000000000000306e-01
1.602703265150004497e-02,4.730000000000000315e-01
1.789668990948825242e-02,4.740000000000000324e-01
1.593870411270419465e-02,4.750000000000000333e-01
1.507297074734598695e-02,4.760000000000000342e-01
9.991580140938038923e-03,4.770000000000000351e-01
1.569874294584973351e-02,4.780000000000000360e-01
1.695993712160132755e-02,4.790000000000000369e-01
1.738100123559118901e-02,4.799999999999999822e-01
1.314354840219960144e-02,4.809999999999999831e-01
7.352595980743105615e-03,4.819999999999999840e-01
9.732897135259536980e-03,4.829999999999999849e-01
9.491722010789852698e-03,4.839999999999999858e-01
1.546094654576492949e-02,4.849999999999999867e-01
9.707997477501563791e-03,4.859999999999999876e-01
4.372750471414350599e-04,4.869999999999999885e-01
-8.196846083702621910e-03,4.879999999999999893e-01
2.156870599102540548e-03,4.889999999999999902e-01
-1.192720428308161702e-03,4.899999999999999911e-01
-6.720272600484506961e-03,4.909999999999999920e-01
-5.351596365300723829e-03,4.919999999999999929e-01
6.224559296034421103e-03,4.929999999999999938e-01
4.659524342283750779e-03,4.939999999999999947e-01
-5.126183526515319493e-04,4.949999999999999956e-01
3.928144243018296192e-03,4.959999999999999964e-01
9.319776752427703578e-03,4.969999999999999973e-01
1.224452322313866054e-02,4.979999999999999982e-01
1.800439417849001526e-03,4.989999999999999991e-01
-1.966730865440495339e-04,5.000000000000000000e-01
-2.238793130459759237e-05,5.010000000000000009e-01
2.983375710248752956e-03,5.020000000000000018e-01
-5.325880955303292702e-04,5.030000000000000027e-01
-8.201872824902466455e-03,5.040000000000000036e-01
-1.282216128013469354e-02,5.050000000000000044e-01
-6.226731693893698683e-03,5.060000000000000053e-01
-9.699483058618217548e-04,5.070000000000000062e-01
-1.191793293011507871e-03,5.080000000000000071e-01
-1.566130438394058464e-04,5.090000000000000080e-01
-1.777187568568887668e-03,5.100000000000000089e-01
3.964442479018893441e-03,5.110000000000000098e-01
2.696705708917007758e-03,5.120000000000000107e-01
-9.293815928116134703e-03,5.130000000000000115e-01
-6.771311895593797384e-03,5.140000000000000124e-01
-1.075056635337031481e-03,5.150000000000000133e-01
-4.435057384278394757e-03,5.160000000000000142e-01
-7.367893694910000561e-03,5.170000000000000151e-01
-1.147568133944795905e-02,5.180000000000000160e-01
-1.258906720586390991e-02,5.190000000000000169e-01
-1.180702682038592063e-02,5.200000000000000178e-01
-7.771969605802963449e-03,5.210000000000000187e-01
-7.320498284395845351e-03,5.220000000000000195e-01
-2.938006071841812398e-03,5.230000000000000204e-01
3.545811697503464550e-03,5.240000000000000213e-01
9.088559476486773175e-03,5.250000000000000222e-01
9.144973040589685076e-03,5.260000000000000231e-01
2.311862443768986433e-03,5.270000000000000240e-01
9.244614589947521346e-03,5.280000000000000249e-01
1.193679557312545166e-02,5.290000000000000258e-01
9.754774331800608600e-03,5.300000000000000266e-01
7.720627654271002699e-03,5.310000000000000275e-01
6.628658827295187163e-03,5.320000000000000284e-01
1.102958549598228276e-02,5.330000000000000293e-01
5.877090527772787891e-03,5.340000000000000302e-01
5.253812847984076252e-03,5.350000000000000311e-01
1.320905581059939222e-02,5.360000000000000320e-01
1.628465793776216752e-02,5.370000000000000329e-01
1.555967963531099812e-02,5.380000000000000338e-01
1.374350242889021100e-02,5.390000000000000346e-01
9.139621689840917579e-03,5.400000000000000355e-01
2.848989593949080579e-03,5.410000000000000364e-01
-8.506251113200476166e-03,5.420000000000000373e-01
-1.512774452750186710e-02,5.430000000000000382e-01
-1.474091311066957379e-02,5.440000000000000391e-01
-1.758223665493375762e-02,5.450000000000000400e-01
-1.867353819658232328e-02,5.460000000000000409e-01
-1.784787330483748879e-02,5.470000000000000417e-01
-2.469862763916348333e-02,5.480000000000000426e-01
-2.291998323435584864e-02,5.490000000000000435e-01
-2.147710058238548256e-02,5.500000000000000444e-01
-2.204816492784677714e-02,5.510000000000000453e-01
-2.066897073690944150e-02,5.520000000000000462e-01
-1.174734632320356860e-02,5.530000000000000471e-01
-1.309534313664920298e-02,5.540000000000000480e-01
-6.172873552341705955e-03,5.550000000000000488e-01
-2.791993070805782236e-03,5.560000000000000497e-01
-5.929755536258268789e-03,5.570000000000000506e-01
-4.607902656467138119e-03,5.580000000000000515e-01
-2.145225628432830683e-03,5.590000000000000524e-01
-1.029750553268409148e-02,5.600000000000000533e-01
-3.538322823199965220e-03,5.610000000000000542e-01
-2.041115273247819367e-03,5.620000000000000551e-01
-6.106404218571496578e-04,5.630000000000000560e-01
-4.228614374623515700e-03,5.640000000000000568e-01
-1.017767712014022025e-02,5.650000000000000577e-01
-8.354607280012157564e-03,5.660000000000000586e-01
-6.366584013673318339e-03,5.670000000000000595e-01
-8.747136916738890502e-03,5.680000000000000604e-01
-1.511640371599478304e-02,5.690000000000000613e-01
-1.307073504108726379e-02,5.700000000000000622e-01
-1.626138375473925451e-02,5.710000000000000631e-01
-1.967382099543804955e-02,5.720000000000000639e-01
-2.881218397390377176e-02,5.730000000000000648e-01
-3.296359877205893435e-02,5.740000000000000657e-01
-2.572765965324260232e-02,5.750000000000000666e-01
-2.713591497642071915e-02,5.760000000000000675e-01
-1.970381769962925578e-02,5.769999999999999574e-01
-1.465379144328617794e-02,5.779999999999999583e-01
-1.456164149686329547e-02,5.789999999999999591e-01
-1.542216644322210763e-02,5.799999999999999600e-01
-1.407169130683496444e-02,5.809999999999999609e-01
-1.587035968434794345e-02,5.819999999999999618e-01
-1.808031972439231444e-02,5.829999999999999627e-01
-1.680521551845685913e-02,5.839999999999999636e-01
-1.823573686909505873e-02,5.849999999999999645e-01
-2.702274758955751713e-02,5.859999999999999654e-01
-2.334036377973302406e-02,5.869999999999999662e-01
-2.121512345404340250e-02,5.879999999999999671e-01
-2.049397102310927810e-02,5.889999999999999680e-01
-2.411832799411299869e-02,5.899999999999999689e-01
-1.289923111785602761e-02,5.909999999999999698e-01
-1.158292781881582571e-02,5.919999999999999707e-01
-1.406355353079141550e-02,5.929999999999999716e-01
-1.629166428990000762e-02,5.939999999999999725e-01
-1.146915601037195274e-02,5.949999999999999734e-01
-1.210473672871816876e-02,5.959999999999999742e-01
-6.274185981144087682e-03,5.969999999999999751e-01
-4.260206201889868427e-03,5.979999999999999760e-01
-3.624772004968747699e-03,5.989999999999999769e-01
-5.541283612493089379e-03,5.999999999999999778e-01
-5.128331910230145459e-03,6.009999999999999787e-01
-7.885035750838001456e-03,6.019999999999999796e-01
-5.412232646755803754e-03,6.029999999999999805e-01
1.793912568390884806e-04,6.039999999999999813e-01
1.107883578563403394e-03,6.049999999999999822e-01
-3.286922128914119678e-03,6.059999999999999831e-01
-8.352514160112166700e-03,6.069999999999999840e-01
-1.320569081941681648e-02,6.079999999999999849e-01
-1.358738961290940385e-02,6.089999999999999858e-01
-1.570059950912354799e-02,6.099999999999999867e-01
-1.727133079742068644e-02,6.109999999999999876e-01
-1.847487263974513516e-02,6.119999999999999885e-01
-1.344092517159672061e-02,6.129999999999999893e-01
-2.116307145743201034e-04,6.139999999999999902e-01
-5.900599845225057774e-03,6.149999999999999911e-01
-1.069993830517647869e-02,6.159999999999999920e-01
-1.605171963552179740e-02,6.169999999999999929e-01
-1.572593747466617328e-02,6.179999999999999938e-01
-1.360351707747187167e-02,6.189999999999999947e-01
-1.784652467838794554e-02,6.199999999999999956e-01
-1.048058710796513290e-02,6.209999999999999964e-01
-1.120663967134971281e-02,6.219999999999999973e-01
-7.226922129446121564e-03,6.229999999999999982e-01
-7.663020286552318754e-03,6.239999999999999991e-01
-1.091638779433926239e-02,6.250000000000000000e-01
-5.938635305862178734e-03,6.260000000000000009e-01
-2.905249141051152034e-03,6.270000000000000018e-01
-2.393334972720104550e-04,6.280000000000000027e-01
-5.527275480988336730e-03,6.290000000000000036e-01
-3.806547403236224328e-03,6.300000000000000044e-01
3.424175879365760553e-03,6.310000000000000053e-01
-2.358733969785811561e-03,6.320000000000000062e-01
-4.178567968860878029e-03,6.330000000000000071e-01
1.364229821771674152e-03,6.340000000000000080e-01
4.369108955180156750e-05,6.350000000000000089e-01
-4.213879071566406682e-03,6.360000000000000098e-01
-9.602049039238011799e-03,6.370000000000000107e-01
-1.275286167560507437e-02,6.380000000000000115e-01
-1.501952820602355486e-02,6.390000000000000124e-01
-2.028128609371632890e-02,6.400000000000000133e-01
-1.684651737725691156e-02,6.410000000000000142e-01
-1.587619601059283084e-02,6.420000000000000151e-01
-1.147657997684117977e-02,6.430000000000000160e-01
-1.035721392817399826e-02,6.440000000000000169e-01
-9.656855602062934876e-03,6.450000000000000178e-01
-6.838697084828169147e-03,6.460000000000000187e-01
-9.151919508803211048e-03,6.470000000000000195e-01
-1.059654420155036955e-02,6.480000000000000204e-01
-1.362274953141306803e-02,6.490000000000000213e-01
-9.149605997484157663e-03,6.500000000000000222e-01
-1.479127916775629936e-02,6.510000000000000231e-01
-2.535772153831215847e-02,6.520000000000000240e-01
-3.765791754504173999e-02,6.530000000000000249e-01
-3.966209120833480428e-02,6.540000000000000258e-01
-4.772307691920536776e-02,6.550000000000000266e-01
-5.632200280684515614e-02,6.560000000000000275e-01
-5.980302499195869897e-02,6.570000000000000284e-01
-6.113433719529542260e-02,6.580000000000000293e-01
-5.790982607703961532e-02,6.590000000000000302e-01
-6.316225210525604206e-02,6.600000000000000311e-01
-5.870922968297957734e-02,6.610000000000000320e-01
-6.198232752301304632e-02,6.620000000000000329e-01
-5.930214282818314919e-02,6.630000000000000338e-01
-4.999126767814539990e-02,6.640000000000000346e-01
-5.030700607023325804e-02,6.650000000000000355e-01
-5.095717157187648616e-02,6.660000000000000364e-01
-5.860964799795256169e-02,6.670000000000000373e-01
-6.832183348715148430e-02,6.680000000000000382e-01
-6.539836372276194854e-02,6.690000000000000391e-01
-7.582381050311455539e-02,6.700000000000000400e-01
-7.715357499310904199e-02,6.710000000000000409e-01
-7.482159713105733523e-02,6.720000000000000417e-01
-8.408066315317158645e-02,6.730000000000000426e-01
-9.871583292625357720e-02,6.740000000000000435e-01
-9.656558162426764902e-02,6.750000000000000444e-01
-8.965061431094879796e-02,6.760000000000000453e-01
-8.145304830215488456e-02,6.770000000000000462e-01
-7.450534326070465396e-02,6.780000000000000471e-01
-6.784267327534268532e-02,6.790000000000000480e-01
-6.374198443706316497e-02,6.800000000000000488e-01
-6.284077805027316055e-02,6.810000000000000497e-01
-5.428123227203629497e-02,6.820000000000000506e-01
-5.583519224609193726e-02,6.830000000000000515e-01
-5.457709900777665823e-02,6.840000000000000524e-01
-5.019760630782609673e-02,6.850000000000000533e-01
-4.664202645074696368e-02,6.860000000000000542e-01
-4.069714684944097244e-02,6.870000000000000551e-01
-4.421788447285749518e-02,6.880000000000000560e-01
-4.150589950758931668e-02,6.890000000000000568e-01
-3.371921930061012873e-02,6.900000000000000577e-01
-3.142480048727753356e-02,6.910000000000000586e-01
-3.513883524988567486e-02,6.920000000000000595e-01
-3.989714527519220427e-02,6.930000000000000604e-01
-5.419769596638156217e-02,6.940000000000000613e-01
-5.656608869758046609e-02,6.950000000000000622e-01
-5.688808505315239017e-02,6.960000000000000631e-01
-5.343082242041076457e-02,6.970000000000000639e-01
-5.239152207445822718e-02,6.980000000000000648e-01
-3.471138666017371116e-02,6.990000000000000657e-01
-3.104322720526647358e-02,7.000000000000000666e-01
-3.237456526196842710e-02,7.010000000000000675e-01
-3.369281435365881205e-02,7.020000000000000684e-01
-3.975223052415117336e-02,7.030000000000000693e-01
-3.682399716378591259e-02,7.039999999999999591e-01
-2.982943316516325008e-02,7.049999999999999600e-01
-2.766365006078648145e-02,7.059999999999999609e-01
-3.028031224433110763e-02,7.069999999999999618e-01
-3.160639524485068380e-02,7.079999999999999627e-01
-3.157865779892795460e-02,7.089999999999999636e-01
-3.013028092242693232e-02,7.099999999999999645e-01
-3.431170978190586918e-02,7.109999999999999654e-01
-2.632686386981822682e-02,7.119999999999999662e-01
-2.586623702831644667e-02,7.129999999999999671e-01
-2.312038251841375125e-02,7.139999999999999680e-01
-2.708191376978102624e-02,7.149999999999999689e-01
-2.931456601612373106e-02,7.159999999999999698e-01
-2.692575927630131219e-02,7.169999999999999707e-01
-2.801170768638139991e-02,7.179999999999999716e-01
-3.668172520947322185e-02,7.189999999999999725e-01
-3.834592528949943430e-02,7.199999999999999734e-01
-4.245253991792685699e-02,7.209999999999999742e-01
-3.931646891882785433e-02,7.219999999999999751e-01
-4.346162239084970513e-02,7.229999999999999760e-01
-4.414259160131495108e-02,7.239999999999999769e-01
-3.905113763267550886e-02,7.249999999999999778e-01
-2.824358302952335864e-02,7.259999999999999787e-01
-2.398538422540675424e-02,7.269999999999999796e-01
-2.486700734629010076e-02,7.279999999999999805e-01
-3.044858422548359089e-02,7.289999999999999813e-01
-2.754353050958284824e-02,7.299999999999999822e-01
-2.878100144183535353e-02,7.309999999999999831e-01
-3.185242223070931106e-02,7.319999999999999840e-01
-3.831568163958896933e-02,7.329999999999999849e-01
-3.580962008451971101e-02,7.339999999999999858e-01
-3.055491658090206050e-02,7.349999999999999867e-01
-2.202369636609219014e-02,7.359999999999999876e-01
-2.303507248218973971e-02,7.369999999999999885e-01
-3.310853124301711692e-02,7.379999999999999893e-01
-4.036517811930299265e-02,7.389999999999999902e-01
-4.712112027957958416e-02,7.399999999999999911e-01
-4.571098108579071950e-02,7.409999999999999920e-01
-4.177544981534007940e-02,7.419999999999999929e-01
-3.583500103798105407e-02,7.429999999999999938e-01
-4.451858118509214451e-02,7.439999999999999947e-01
-4.507856747157894944e-02,7.449999999999999956e-01
-4.746995174869515777e-02,7.459999999999999964e-01
-4.892348484974939210e-02,7.469999999999999973e-01
-5.172493578291881972e-02,7.479999999999999982e-01
-4.663617563122914728e-02,7.489999999999999991e-01
-5.436158194408925032e-02,7.500000000000000000e-01
-4.788231417724318761e-02,7.510000000000000009e-01
-4.437320325815920230e-02,7.520000000000000018e-01
-4.183695115077766535e-02,7.530000000000000027e-01
-4.428152232310788444e-02,7.540000000000000036e-01
-3.792449741871794372e-02,7.550000000000000044e-01
-3.822160799775176088e-02,7.560000000000000053e-01
-3.507719308947358783e-02,7.570000000000000062e-01
-3.079781164202245736e-02,7.580000000000000071e-01
-3.180910521177904987e-02,7.590000000000000080e-01
-3.934820657318531534e-02,7.600000000000000089e-01
-4.519939677839243664e-02,7.610000000000000098e-01
-4.291053729223921059e-02,7.620000000000000107e-01
-3.711961445671486254e-02,7.630000000000000115e-01
-4.073273120699060640e-02,7.640000000000000124e-01
-4.995650936476520032e-02,7.650000000000000133e-01
-4.255915403360698707e-02,7.660000000000000142e-01
-3.979403622604543722e-02,7.670000000000000151e-01
-3.925261061272466295e-02,7.680000000000000160e-01
-3.234651705817639250e-02,7.690000000000000169e-01
-3.534793783562515529e-02,7.700000000000000178e-01
-3.295526046947405696e-02,7.710000000000000187e-01
-2.155034238426525167e-02,7.720000000000000195e-01
-1.322066436562288616e-02,7.730000000000000204e-01
-1.609830851220950612e-02,7.740000000000000213e-01
-2.026037168960844598e-02,7.750000000000000222e-01
-2.852318904784448966e-02,7.760000000000000231e-01
-3.821681610891835418e-02,7.770000000000000240e-01
-3.940228892538900213e-02,7.780000000000000249e-01
-2.969904987698425425e-02,7.790000000000000258e-01
-2.286034590450497506e-02,7.800000000000000266e-01
-2.617674545943059899e-02,7.810000000000000275e-01
-2.262892533530552058e-02,7.820000000000000284e-01
-2.637778646211087416e-02,7.830000000000000293e-01
-2.603834833153773412e-02,7.840000000000000302e-01
-2.326055189782226529e-02,7.850000000000000311e-01
-2.498201407850576122e-02,7.860000000000000320e-01
-3.237411614189313752e-02,7.870000000000000329e-01
-3.312871663226801822e-02,7.880000000000000338e-01
-4.118380359575053717e-02,7.890000000000000346e-01
-4.503660813207005509e-02,7.900000000000000355e-01
-4.624510631205314831e-02,7.910000000000000364e-01
-5.102201128923598145e-02,7.920000000000000373e-01
-4.745333546835749094e-02,7.930000000000000382e-01
-4.330539362568028988e-02,7.940000000000000391e-01
-4.186114404841041747e-02,7.950000000000000400e-01
-4.274329351727410714e-02,7.960000000000000409e-01
-3.829799738757906635e-02,7.970000000000000417e-01
-4.081533669813231652e-02,7.980000000000000426e-01
-4.581391050961879791e-02,7.990000000000000435e-01
-4.201883427174274432e-02,8.000000000000000444e-01
-3.670252457426564918e-02,8.010000000000000453e-01
-3.153221109836074065e-02,8.020000000000000462e-01
-3.343034645161847146e-02,8.030000000000000471e-01
-3.460597834090702735e-02,8.040000000000000480e-01
-3.214529414396112561e-02,8.050000000000000488e-01
-3.770458204379897177e-02,8.060000000000000497e-01
-3.537940049845946650e-02,8.070000000000000506e-01
-2.546013371998018249e-02,8.080000000000000515e-01
-1.886797419350226546e-02,8.090000000000000524e-01
-1.404549922218606070e-02,8.100000000000000533e-01
-3.661964383659673666e-03,8.110000000000000542e-01
-2.957722633497717260e-03,8.120000000000000551e-01
-1.299441192587307697e-02,8.130000000000000560e-01
-1.988169298077129693e-02,8.140000000000000568e-01
-2.257231754930733372e-02,8.150000000000000577e-01
-2.265912836832875005e-02,8.160000000000000586e-01
-1.758455716186667350e-02,8.170000000000000595e-01
-8.462684694557524173e-03,8.180000000000000604e-01
5.117608967677152003e-04,8.190000000000000613e-01
3.288273616920636081e-03,8.200000000000000622e-01
1.823772327866524058e-03,8.210000000000000631e-01
-8.036284194459068515e-04,8.220000000000000639e-01
1.497522786955610098e-03,8.230000000000000648e-01
6.401104127169005703e-03,8.240000000000000657e-01
5.491517352067862290e-03,8.250000000000000666e-01
5.103742658204489697e-03,8.260000000000000675e-01
7.497833688102451509e-03,8.270000000000000684e-01
3.767928280618552082e-03,8.280000000000000693e-01
7.455782962915234735e-03,8.290000000000000702e-01
4.015582899755898438e-03,8.300000000000000711e-01
5.817126810154105848e-03,8.310000000000000719e-01
8.452140847472301016e-03,8.320000000000000728e-01
1.338099799935294626e-02,8.329999999999999627e-01
1.165664088621743387e-02,8.339999999999999636e-01
8.054564039517875251e-03,8.349999999999999645e-01
5.870888742302428180e-03,8.359999999999999654e-01
1.161251570540144766e-02,8.369999999999999662e-01
1.618411855885945605e-02,8.379999999999999671e-01
1.264070285342568968e-02,8.389999999999999680e-01
6.665161077674326348e-03,8.399999999999999689e-01
4.607369666689406854e-03,8.409999999999999698e-01
5.572612288852592244e-03,8.419999999999999707e-01
1.090989733675665728e-02,8.429999999999999716e-01
8.605411288511622889e-03,8.439999999999999725e-01
1.311495381180296377e-02,8.449999999999999734e-01
2.105985648014760750e-02,8.459999999999999742e-01
2.838969767574793870e-02,8.469999999999999751e-01
3.173150979549480694e-02,8.479999999999999760e-01
3.290629137368223517e-02,8.489999999999999769e-01
4.018153368846089091e-02,8.499999999999999778e-01
4.959824824931698128e-02,8.509999999999999787e-01
4.715230896586552339e-02,8.519999999999999796e-01
4.191564453295523046e-02,8.529999999999999805e-01
3.990316668083381674e-02,8.539999999999999813e-01
3.267908603830682601e-02,8.549999999999999822e-01
2.751220104980840048e-02,8.559999999999999831e-01
1.836118539554840515e-02,8.569999999999999840e-01
2.252854566833644226e-02,8.579999999999999849e-01
1.617325399843836178e-02,8.589999999999999858e-01
1.964022395661304057e-02,8.599999999999999867e-01
2.432343901210392428e-02,8.609999999999999876e-01
1.849529173959285622e-02,8.619999999999999885e-01
2.448338645041165870e-02,8.629999999999999893e-01
2.325031938601557560e-02,8.639999999999999902e-01
2.325231152037191343e-02,8.649999999999999911e-01
2.798580492526296648e-02,8.659999999999999920e-01
2.071023404096269602e-02,8.669999999999999929e-01
1.423763757211315290e-02,8.679999999999999938e-01
4.321767295327133204e-03,8.689999999999999947e-01
-3.141016457550420676e-03,8.699999999999999956e-01
-5.377479470951685749e-03,8.709999999999999964e-01
-4.428349107448573303e-03,8.719999999999999973e-01
-3.423249335954066386e-03,8.729999999999999982e-01
-5.892219428204864551e-03,8.739999999999999991e-01
-1.491790992568439202e-02,8.750000000000000000e-01
-1.369851418936440281e-02,8.760000000000000009e-01
-9.948757420719035044e-03,8.770000000000000018e-01
-5.348883204938773006e-03,8.780000000000000027e-01
2.023596585891992376e-03,8.790000000000000036e-01
3.362234545868682690e-03,8.800000000000000044e-01
-2.133539094832703591e-03,8.810000000000000053e-01
-1.912823003819902638e-03,8.820000000000000062e-01
-2.468265754179998703e-03,8.830000000000000071e-01
-2.355640064165900882e-03,8.840000000000000080e-01
3.970785821154335614e-03,8.850000000000000089e-01
6.346880978672109555e-03,8.860000000000000098e-01
7.208208569395570427e-03,8.870000000000000107e-01
1.063227412540976649e-02,8.880000000000000115e-01
1.943932879743757221e-03,8.890000000000000124e-01
4.552339349094826695e-03,8.900000000000000133e-01
9.852147585740557087e-03,8.910000000000000142e-01
1.063824505374362170e-02,8.920000000000000151e-01
2.490132869953506304e-03,8.930000000000000160e-01
2.097992864039629254e-03,8.940000000000000169e-01
-2.357585000177792826e-03,8.950000000000000178e-01
4.183341719395414909e-03,8.960000000000000187e-01
1.360131896386044398e-02,8.970000000000000195e-01
1.544906691936617261e-02,8.980000000000000204e-01
1.714411907936981908e-02,8.990000000000000213e-01
2.604274912878846299e-02,9.000000000000000222e-01
3.153138215259115862e-02,9.010000000000000231e-01
3.431854254072134319e-02,9.020000000000000240e-01
4.378842671793944236e-02,9.030000000000000249e-01
4.275861932319369868e-02,9.040000000000000258e-01
4.424292413168809390e-02,9.050000000000000266e-01
4.640658983901883861e-02,9.060000000000000275e-01
4.509834878201511577e-02,9.070000000000000284e-01
3.277808866941680360e-02,9.080000000000000293e-01
4.063062506313305788e-02,9.090000000000000302e-01
4.399838553324000173e-02,9.100000000000000311e-01
3.589586153569666177e-02,9.110000000000000320e-01
3.495667757441231482e-02,9.120000000000000329e-01
3.678577109504513332e-02,9.130000000000000338e-01
4.060759386238816521e-02,9.140000000000000346e-01
5.193009125864617159e-02,9.150000000000000355e-01
5.689966618803448534e-02,9.160000000000000364e-01
4.551890404024106634e-02,9.170000000000000373e-01
3.471355975956958578e-02,9.180000000000000382e-01
2.965911606004890261e-02,9.190000000000000391e-01
2.048479468546558421e-02,9.200000000000000400e-01
1.505594570039986944e-02,9.210000000000000409e-01
1.305724193661597296e-02,9.220000000000000417e-01
1.989200473894227328e-02,9.230000000000000426e-01
2.668412640475683467e-02,9.240000000000000435e-01
3.813996700630505055e-02,9.250000000000000444e-01
3.727530880139262592e-02,9.260000000000000453e-01
3.080302117656822172e-02,9.270000000000000462e-01
2.861961327445881886e-02,9.280000000000000471e-01
1.972089740000854130e-02,9.290000000000000480e-01
1.881465235362402705e-02,9.300000000000000488e-01
2.236361818888016675e-02,9.310000000000000497e-01
2.633661093571043610e-02,9.320000000000000506e-01
2.639508681023956457e-02,9.330000000000000515e-01
3.119876248368327887e-02,9.340000000000000524e-01
3.516167385550254126e-02,9.350000000000000533e-01
3.341698994476571816e-02,9.360000000000000542e-01
2.841961971174214452e-02,9.370000000000000551e-01
2.830184297830961454e-02,9.380000000000000560e-01
2.583051934766674232e-02,9.390000000000000568e-01
2.144166515717750229e-02,9.400000000000000577e-01
1.442694112642393944e-02,9.410000000000000586e-01
1.095948691299073081e-02,9.420000000000000595e-01
1.349445092341479933e-02,9.430000000000000604e-01
8.513661360144844995e-03,9.440000000000000613e-01
1.147374472749775574e-02,9.450000000000000622e-01
8.790939694109630234e-03,9.460000000000000631e-01
6.697971804916718827e-03,9.470000000000000639e-01
7.061844954649987814e-03,9.480000000000000648e-01
5.347403328546343482e-03,9.490000000000000657e-01
8.154878070186234382e-03,9.500000000000000666e-01
5.198639931159741018e-03,9.510000000000000675e-01
6.705957563240472728e-03,9.520000000000000684e-01
2.768272234788018028e-03,9.530000000000000693e-01
-4.980974629667183186e-04,9.540000000000000702e-01
3.693504940975402863e-03,9.550000000000000711e-01
1.084130460230465012e-02,9.560000000000000719e-01
5.832895415312705500e-03,9.570000000000000728e-01
6.801816018444636035e-03,9.580000000000000737e-01
7.866615466928057396e-03,9.590000000000000746e-01
1.369281717315366364e-03,9.599999999999999645e-01
-1.343040629642379240e-03,9.609999999999999654e-01
-6.944183790789435276e-03,9.619999999999999662e-01
-8.599615324928215968e-03,9.629999999999999671e-01
-1.036593219695086492e-02,9.639999999999999680e-01
-7.333553635630269373e-03,9.649999999999999689e-01
-9.991968494840932496e-03,9.659999999999999698e-01
-8.524074318240322523e-03,9.669999999999999707e-01
-1.890410411198857263e-02,9.679999999999999716e-01
-2.163449272829025272e-02,9.689999999999999725e-01
-1.901756210754640061e-02,9.699999999999999734e-01
-1.022032245810949522e-02,9.709999999999999742e-01
-4.354522535625860932e-03,9.719999999999999751e-01
-3.495310585035888828e-03,9.729999999999999760e-01
-6.187371567805811587e-03,9.739999999999999769e-01
-7.887502563315192464e-03,9.749999999999999778e-01
3.116429308774933018e-05,9.759999999999999787e-01
4.942622824205124971e-03,9.769999999999999796e-01
3.886787124851901441e-03,9.779999999999999805e-01
8.677926334719076110e-03,9.789999999999999813e-01
1.414024599380615983e-02,9.799999999999999822e-01
2.234917392850843329e-02,9.809999999999999831e-01
3.249960137333991056e-02,9.819999999999999840e-01
2.901623599853474580e-02,9.829999999999999849e-01
2.269162421673601854e-02,9.839999999999999858e-01
1.673209766380327410e-02,9.849999999999999867e-01
1.737085402443358517e-02,9.859999999999999876e-01
1.850041507440441241e-02,9.869999999999999885e-01
1.427296459505294351e-02,9.879999999999999893e-01
1.881996984834483078e-02,9.889999999999999902e-01
1.429314184776710184e-02,9.899999999999999911e-01
1.853907323934275014e-02,9.909999999999999920e-01
2.174915285074419460e-02,9.919999999999999929e-01
2.082636882060776018e-02,9.929999999999999938e-01
1.702061413374021323e-02,9.939999999999999947e-01
1.655367802971437208e-02,9.949999999999999956e-01
1.689688820111761788e-02,9.959999999999999964e-01
1.587419329110343127e-02,9.969999999999999973e-01
1.613336017625184582e-02,9.979999999999999982e-01
1.100968808195840025e-02,9.989999999999999991e-01
2.464013035407261031e-03,1.000000000000000000e+00
