-2.839582101004833534e-02,0.000000000000000000e+00
-3.306916083545525381e-02,1.000000000000000021e-03
-2.974095175292191390e-02,2.000000000000000042e-03
-2.524822709443987762e-02,3.000000000000000062e-03
-2.543299993403961776e-02,4.000000000000000083e-03
-2.452146656700318963e-02,5.000000000000000104e-03
-2.195015716520820961e-02,6.000000000000000125e-03
-1.985576206849131581e-02,7.000000000000000146e-03
-1.707498249135831411e-02,8.000000000000000167e-03
-1.413733260073254082e-02,9.000000000000001055e-03
-1.231949776211716148e-02,1.000000000000000021e-02
-1.320511984971837159e-02,1.099999999999999936e-02
-8.253429158587339068e-03,1.200000000000000025e-02
-8.733174365267314457e-03,1.300000000000000114e-02
-1.140628029566059277e-02,1.400000000000000029e-02
-1.164700767059515148e-02,1.499999999999999944e-02
-1.295210879723858281e-02,1.600000000000000033e-02
-1.540844115674566694e-02,1.700000000000000122e-02
-1.593078793287969544e-02,1.800000000000000211e-02
-1.760138336924093119e-02,1.899999999999999953e-02
-1.856532201788052561e-02,2.000000000000000042e-02
-2.256573838961083156e-02,2.100000000000000130e-02
-2.613277132220031412e-02,2.199999999999999872e-02
-2.587626366019465593e-02,2.299999999999999961e-02
-2.697942707229971857e-02,2.400000000000000050e-02
-2.461451770872776640e-02,2.500000000000000139e-02
-2.731873648121175419e-02,2.600000000000000228e-02
-2.378181590256771283e-02,2.699999999999999969e-02
-2.242936547762380828e-02,2.800000000000000058e-02
-2.185317915283353091e-02,2.900000000000000147e-02
-2.276283197405648204e-02,2.999999999999999889e-02
-2.367816329601990857e-02,3.099999999999999978e-02
-2.384669760566047667e-02,3.200000000000000067e-02
-2.841246176720346392e-02,3.300000000000000155e-02
-3.149246014296936541e-02,3.400000000000000244e-02
-3.354339012400926051e-02,3.500000000000000333e-02
-3.248861599394486932e-02,3.600000000000000422e-02
-2.955431578790358380e-02,3.699999999999999817e-02
-3.355512133938262642e-02,3.799999999999999906e-02
-3.461308347690599668e-02,3.899999999999999994e-02
-3.260355348891789962e-02,4.000000000000000083e-02
-2.888852759211312307e-02,4.100000000000000172e-02
-2.620767262677590331e-02,4.200000000000000261e-02
-2.449286650809070001e-02,4.300000000000000350e-02
-2.620706198970147380e-02,4.399999999999999745e-02
-2.756310106369116303e-02,4.499999999999999833e-02
-2.534773006375531587e-02,4.599999999999999922e-02
-2.601872286572780302e-02,4.700000000000000011e-02
-2.486541829174576668e-02,4.800000000000000100e-02
-2.461828362653382604e-02,4.900000000000000189e-02
-2.369386875269132928e-02,5.000000000000000278e-02
-2.700146934716723610e-02,5.100000000000000366e-02
-2.656223905183421191e-02,5.200000000000000455e-02
-2.228655173105736215e-02,5.299999999999999850e-02
-2.014508913394645259e-02,5.399999999999999939e-02
-1.975306971118952551e-02,5.500000000000000028e-02
-1.296649233453840179e-02,5.600000000000000117e-02
-9.451083267607046645e-03,5.700000000000000205e-02
-7.393785019289006097e-03,5.800000000000000294e-02
-7.498722169380053586e-03,5.900000000000000383e-02
-1.262404362791547975e-02,5.999999999999999778e-02
-9.741632035024922268e-03,6.099999999999999867e-02
-1.102176870034385532e-02,6.199999999999999956e-02
-1.011344008272776172e-02,6.300000000000000044e-02
-3.858107650146828677e-03,6.400000000000000133e-02
-4.553956293624990270e-03,6.500000000000000222e-02
-8.312358780956215221e-03,6.600000000000000311e-02
-8.102294837994839655e-03,6.700000000000000400e-02
-8.791934658949429257e-03,6.800000000000000488e-02
-6.366894659809098529e-03,6.900000000000000577e-02
-7.083035842935822383e-03,7.000000000000000666e-02
-7.656630582695308877e-03,7.100000000000000755e-02
-9.570839629353847938e-03,7.200000000000000844e-02
-1.135710166608842886e-02,7.299999999999999545e-02
-1.128783725628439323e-02,7.399999999999999634e-02
-1.541263731509477132e-02,7.499999999999999722e-02
-1.580556795612833229e-02,7.599999999999999811e-02
-1.663639078876863117e-02,7.699999999999999900e-02
-1.093431989062430484e-02,7.799999999999999989e-02
-8.946111051382432677e-03,7.900000000000000078e-02
-1.049311065735766997e-02,8.000000000000000167e-02
-6.248717852086438720e-03,8.100000000000000255e-02
-2.458782554931515738e-03,8.200000000000000344e-02
-1.633716162265659794e-03,8.300000000000000433e-02
-1.310991712189774018e-03,8.400000000000000522e-02
-7.855399492602931208e-04,8.500000000000000611e-02
6.348356079631600020e-04,8.600000000000000699e-02
2.942671788613842199e-03,8.700000000000000788e-02
4.565481893461576131e-03,8.799999999999999489e-02
6.561087312302867763e-03,8.899999999999999578e-02
4.261858637123305815e-03,8.999999999999999667e-02
6.169024307905263300e-03,9.099999999999999756e-02
4.595330854515310842e-03,9.199999999999999845e-02
4.774230354396040259e-03,9.299999999999999933e-02
4.866067522445929362e-03,9.400000000000000022e-02
5.876240982165702523e-03,9.500000000000000111e-02
5.816816777384551523e-03,9.600000000000000200e-02
5.578660481836014706e-03,9.700000000000000289e-02
6.004479204645717973e-03,9.800000000000000377e-02
1.024125601779064462e-02,9.900000000000000466e-02
1.085741798015921189e-02,1.000000000000000056e-01
7.651502874604831396e-03,1.010000000000000064e-01
7.423606146501413559e-03,1.020000000000000073e-01
9.354937858299354134e-03,1.030000000000000082e-01
6.391668649405027672e-03,1.040000000000000091e-01
2.832100165441746396e-03,1.049999999999999961e-01
4.591572335457178890e-03,1.059999999999999970e-01
4.243444338541400070e-04,1.069999999999999979e-01
-7.409267815802370949e-04,1.079999999999999988e-01
2.065300913153235267e-03,1.089999999999999997e-01
1.170888286503128000e-03,1.100000000000000006e-01
6.497849438967237328e-04,1.110000000000000014e-01
-1.920553233146945300e-03,1.120000000000000023e-01
-6.486071520012732898e-03,1.130000000000000032e-01
-7.522956361995247060e-03,1.140000000000000041e-01
-6.749006786447406432e-03,1.150000000000000050e-01
-2.235228597114147751e-03,1.160000000000000059e-01
2.302708048476795593e-03,1.170000000000000068e-01
1.815738780771009812e-03,1.180000000000000077e-01
4.324247903568612973e-03,1.190000000000000085e-01
5.431599460329436524e-03,1.199999999999999956e-01
1.571391491156914075e-03,1.209999999999999964e-01
-1.703561907806686135e-04,1.219999999999999973e-01
2.221503617882816632e-03,1.229999999999999982e-01
3.178071586329646921e-03,1.239999999999999991e-01
4.712308353886632793e-03,1.250000000000000000e-01
3.072170341778324328e-03,1.260000000000000009e-01
-1.671419167494370421e-04,1.270000000000000018e-01
-6.343667974721004313e-04,1.280000000000000027e-01
-1.543052725722260333e-03,1.290000000000000036e-01
1.458979399662630903e-03,1.300000000000000044e-01
4.735643868141202473e-03,1.310000000000000053e-01
8.008730998706080004e-03,1.320000000000000062e-01
1.265263052220073729e-02,1.330000000000000071e-01
1.489685300983249402e-02,1.340000000000000080e-01
1.844619474847895499e-02,1.350000000000000089e-01
1.944675030754599437e-02,1.360000000000000098e-01
2.258479762162442575e-02,1.370000000000000107e-01
2.529946654702655215e-02,1.380000000000000115e-01
2.781209120124000442e-02,1.390000000000000124e-01
2.761654593270002761e-02,1.400000000000000133e-01
2.866311203702750013e-02,1.410000000000000142e-01
2.990647026033342246e-02,1.420000000000000151e-01
3.160225039227274046e-02,1.430000000000000160e-01
2.887596344957316444e-02,1.440000000000000169e-01
2.891584036685737949e-02,1.449999999999999900e-01
2.777347784322849525e-02,1.459999999999999909e-01
2.639170863808594850e-02,1.469999999999999918e-01
2.493099961756065075e-02,1.479999999999999927e-01
2.357828972469119821e-02,1.489999999999999936e-01
2.656289111764661634e-02,1.499999999999999944e-01
2.912596028448245430e-02,1.509999999999999953e-01
3.033683602885266228e-02,1.519999999999999962e-01
3.296762382529424412e-02,1.529999999999999971e-01
3.379574444234443448e-02,1.539999999999999980e-01
3.165926375004168153e-02,1.549999999999999989e-01
3.008217666356939601e-02,1.559999999999999998e-01
2.818452788679342777e-02,1.570000000000000007e-01
2.767418679970809134e-02,1.580000000000000016e-01
3.151617890592846305e-02,1.590000000000000024e-01
3.558487776792657042e-02,1.600000000000000033e-01
3.624666902275010955e-02,1.610000000000000042e-01
3.851816449454076308e-02,1.620000000000000051e-01
4.409630558467549089e-02,1.630000000000000060e-01
4.809443280633998730e-02,1.640000000000000069e-01
4.419555024204878391e-02,1.650000000000000078e-01
4.348196648218725230e-02,1.660000000000000087e-01
4.468934745190917407e-02,1.670000000000000095e-01
4.420176432301847064e-02,1.680000000000000104e-01
4.465617607754534396e-02,1.690000000000000113e-01
4.376813217899579167e-02,1.700000000000000122e-01
4.356967429907305372e-02,1.710000000000000131e-01
4.710028909760109045e-02,1.720000000000000140e-01
4.802645956422764428e-02,1.730000000000000149e-01
4.786701103709822824e-02,1.740000000000000158e-01
4.622368748625695772e-02,1.750000000000000167e-01
4.851616300472526289e-02,1.759999999999999898e-01
5.032304529788503983e-02,1.769999999999999907e-01
4.775988706631329600e-02,1.779999999999999916e-01
4.708519671283786096e-02,1.789999999999999925e-01
4.872008568257587408e-02,1.799999999999999933e-01
4.912761142343531617e-02,1.809999999999999942e-01
5.033177069100810974e-02,1.819999999999999951e-01
5.003140346725507698e-02,1.829999999999999960e-01
5.166542561050466165e-02,1.839999999999999969e-01
4.952156805294190972e-02,1.849999999999999978e-01
4.952456620982946534e-02,1.859999999999999987e-01
5.084310375581965746e-02,1.869999999999999996e-01
5.037446678947969658e-02,1.880000000000000004e-01
5.074107167777537619e-02,1.890000000000000013e-01
5.254047618461367419e-02,1.900000000000000022e-01
5.551053840787310151e-02,1.910000000000000031e-01
5.835418355515249039e-02,1.920000000000000040e-01
6.086371469823111113e-02,1.930000000000000049e-01
6.482390762543209506e-02,1.940000000000000058e-01
6.719280249690083584e-02,1.950000000000000067e-01
6.550770429255542426e-02,1.960000000000000075e-01
6.465947823211862233e-02,1.970000000000000084e-01
6.560425278924861270e-02,1.980000000000000093e-01
6.559766977693817780e-02,1.990000000000000102e-01
6.502828802572417632e-02,2.000000000000000111e-01
6.588253081142921019e-02,2.010000000000000120e-01
6.906878219883841319e-02,2.020000000000000129e-01
6.817994308575035800e-02,2.030000000000000138e-01
7.031882078230206057e-02,2.040000000000000147e-01
7.096368038164772851e-02,2.050000000000000155e-01
6.887433843350079798e-02,2.060000000000000164e-01
6.996324702627293446e-02,2.070000000000000173e-01
6.675959869157720161e-02,2.080000000000000182e-01
6.659024640585566035e-02,2.089999999999999913e-01
7.244235869841937625e-02,2.099999999999999922e-01
7.341971633534520592e-02,2.109999999999999931e-01
7.037965262512567433e-02,2.119999999999999940e-01
6.958126538749381806e-02,2.129999999999999949e-01
6.873656911276580794e-02,2.139999999999999958e-01
6.578685244001986065e-02,2.149999999999999967e-01
6.727584805897562914e-02,2.159999999999999976e-01
6.495487996178239687e-02,2.169999999999999984e-01
6.314729652321673936e-02,2.179999999999999993e-01
6.199970988011067885e-02,2.190000000000000002e-01
5.968189052389324262e-02,2.200000000000000011e-01
5.839171327615329254e-02,2.210000000000000020e-01
5.487992813124174807e-02,2.220000000000000029e-01
5.373576327805597297e-02,2.230000000000000038e-01
5.452443083188263789e-02,2.240000000000000047e-01
5.032976357912476856e-02,2.250000000000000056e-01
5.177119618545717589e-02,2.260000000000000064e-01
5.439792059090969162e-02,2.270000000000000073e-01
5.365544694877341647e-02,2.280000000000000082e-01
5.223047238035003620e-02,2.290000000000000091e-01
5.648524822727738620e-02,2.300000000000000100e-01
5.304350457298746824e-02,2.310000000000000109e-01
5.231556762873983829e-02,2.320000000000000118e-01
4.992093949564910954e-02,2.330000000000000127e-01
4.798261185852703559e-02,2.340000000000000135e-01
4.720938550177179727e-02,2.350000000000000144e-01
4.974352462775148698e-02,2.360000000000000153e-01
5.190053648123344604e-02,2.370000000000000162e-01
5.485501051039096132e-02,2.380000000000000171e-01
5.418198573180090655e-02,2.390000000000000180e-01
5.247056116473389903e-02,2.399999999999999911e-01
5.401639304632738225e-02,2.409999999999999920e-01
5.722965342168777336e-02,2.419999999999999929e-01
5.980430881785643582e-02,2.429999999999999938e-01
6.182687827612786541e-02,2.439999999999999947e-01
6.071753650060800894e-02,2.449999999999999956e-01
6.266563365845143063e-02,2.459999999999999964e-01
6.280419440551733568e-02,2.469999999999999973e-01
5.615433277393758194e-02,2.479999999999999982e-01
5.392164973279843510e-02,2.489999999999999991e-01
5.024501215626192563e-02,2.500000000000000000e-01
4.760595374109492794e-02,2.510000000000000009e-01
4.865985651111163351e-02,2.520000000000000018e-01
5.249089159626931650e-02,2.530000000000000027e-01
5.403571277381245819e-02,2.540000000000000036e-01
5.265730100706616373e-02,2.550000000000000044e-01
5.444515075538769455e-02,2.560000000000000053e-01
5.528175283852795191e-02,2.570000000000000062e-01
5.399113843930513496e-02,2.580000000000000071e-01
5.637680469889638085e-02,2.590000000000000080e-01
5.781179500927369902e-02,2.600000000000000089e-01
5.821199308027853736e-02,2.610000000000000098e-01
5.423246578382669159e-02,2.620000000000000107e-01
4.923591538407851714e-02,2.630000000000000115e-01
4.867498154299410712e-02,2.640000000000000124e-01
4.783138509495230006e-02,2.650000000000000133e-01
4.775177978136795065e-02,2.660000000000000142e-01
4.862665631047263098e-02,2.670000000000000151e-01
4.812043062235754620e-02,2.680000000000000160e-01
4.646218749052234698e-02,2.690000000000000169e-01
4.737933801785440546e-02,2.700000000000000178e-01
5.065229451086938200e-02,2.710000000000000187e-01
5.272311830363882179e-02,2.720000000000000195e-01
5.444601940757595737e-02,2.730000000000000204e-01
5.546651155162822533e-02,2.740000000000000213e-01
5.473670715306337003e-02,2.750000000000000222e-01
5.511479913829506888e-02,2.760000000000000231e-01
5.527649741441548192e-02,2.770000000000000240e-01
5.607622770028564824e-02,2.780000000000000249e-01
5.403476242573976990e-02,2.790000000000000258e-01
4.831027787669573553e-02,2.800000000000000266e-01
4.844188938853438015e-02,2.810000000000000275e-01
4.960930256136252686e-02,2.820000000000000284e-01
5.331395877177691478e-02,2.830000000000000293e-01
5.589346504741134897e-02,2.840000000000000302e-01
5.541129959935051780e-02,2.850000000000000311e-01
5.385112449435515425e-02,2.860000000000000320e-01
5.221873092791923243e-02,2.870000000000000329e-01
5.016680400055444078e-02,2.880000000000000338e-01
5.025061440223877601e-02,2.889999999999999791e-01
5.016759190861357770e-02,2.899999999999999800e-01
5.378154217840832446e-02,2.909999999999999809e-01
5.380401800844478860e-02,2.919999999999999818e-01
5.543394218935565609e-02,2.929999999999999827e-01
5.233896754759263803e-02,2.939999999999999836e-01
4.986496139587677512e-02,2.949999999999999845e-01
5.056922404029830925e-02,2.959999999999999853e-01
5.025292247398848583e-02,2.969999999999999862e-01
5.089119677447651729e-02,2.979999999999999871e-01
4.926793688957390588e-02,2.989999999999999880e-01
4.571557885776067476e-02,2.999999999999999889e-01
4.498759370835987703e-02,3.009999999999999898e-01
4.377564061903219117e-02,3.019999999999999907e-01
4.418091702466155068e-02,3.029999999999999916e-01
4.194723769698022880e-02,3.039999999999999925e-01
4.167392557098702904e-02,3.049999999999999933e-01
4.363113308041292882e-02,3.059999999999999942e-01
3.762597957498146212e-02,3.069999999999999951e-01
3.946559728617427681e-02,3.079999999999999960e-01
3.922546335616988039e-02,3.089999999999999969e-01
3.686153428959367678e-02,3.099999999999999978e-01
3.701334058853467807e-02,3.109999999999999987e-01
3.533268396777842352e-02,3.119999999999999996e-01
3.708991263430556906e-02,3.130000000000000004e-01
3.567807949989057481e-02,3.140000000000000013e-01
3.293811820300603793e-02,3.150000000000000022e-01
3.274154886554728888e-02,3.160000000000000031e-01
3.151482336277788149e-02,3.170000000000000040e-01
3.121167550255053713e-02,3.180000000000000049e-01
2.963841277145535039e-02,3.190000000000000058e-01
3.426427713093074812e-02,3.200000000000000067e-01
3.853688038627285650e-02,3.210000000000000075e-01
3.993728239874195368e-02,3.220000000000000084e-01
4.024712282405288472e-02,3.230000000000000093e-01
3.702056599021653210e-02,3.240000000000000102e-01
3.413593048915819494e-02,3.250000000000000111e-01
3.315290675897729356e-02,3.260000000000000120e-01
3.492937600915472368e-02,3.270000000000000129e-01
3.954674837444581426e-02,3.280000000000000138e-01
4.145162613355589387e-02,3.290000000000000147e-01
3.999380247828913937e-02,3.300000000000000155e-01
3.804816178958209810e-02,3.310000000000000164e-01
3.749429717355964864e-02,3.320000000000000173e-01
3.751564055835276967e-02,3.330000000000000182e-01
3.494932083003873119e-02,3.340000000000000191e-01
3.289349575095411315e-02,3.350000000000000200e-01
3.273889481619552538e-02,3.360000000000000209e-01
3.446966395004065487e-02,3.370000000000000218e-01
3.703636987024789412e-02,3.380000000000000226e-01
3.829484441134395345e-02,3.390000000000000235e-01
3.839261138376889870e-02,3.400000000000000244e-01
3.739864341862546987e-02,3.410000000000000253e-01
3.797408849594012537e-02,3.420000000000000262e-01
4.050536283580423447e-02,3.430000000000000271e-01
4.081595674839594290e-02,3.440000000000000280e-01
3.900907508203394630e-02,3.450000000000000289e-01
3.635948054906418259e-02,3.460000000000000298e-01
3.285798991337298552e-02,3.470000000000000306e-01
3.897854832652590529e-02,3.480000000000000315e-01
3.952928646687443870e-02,3.490000000000000324e-01
3.901910521107830598e-02,3.500000000000000333e-01
3.599354307127958230e-02,3.510000000000000342e-01
3.535856998955300839e-02,3.519999999999999796e-01
3.761524954583429781e-02,3.529999999999999805e-01
2.991047312322091256e-02,3.539999999999999813e-01
2.722392038595982527e-02,3.549999999999999822e-01
2.908694235298293213e-02,3.559999999999999831e-01
2.820547723446904451e-02,3.569999999999999840e-01
2.954938742706063673e-02,3.579999999999999849e-01
2.785063611161759864e-02,3.589999999999999858e-01
2.875550631779424937e-02,3.599999999999999867e-01
2.828743280684698283e-02,3.609999999999999876e-01
2.800039083599975553e-02,3.619999999999999885e-01
2.944335860282144141e-02,3.629999999999999893e-01
3.205581466439549193e-02,3.639999999999999902e-01
3.270439679599364269e-02,3.649999999999999911e-01
3.366369594984751357e-02,3.659999999999999920e-01
3.786322533965763570e-02,3.669999999999999929e-01
3.792369849453092884e-02,3.679999999999999938e-01
3.837934772411991102e-02,3.689999999999999947e-01
3.598294066765055088e-02,3.699999999999999956e-01
3.517122647917501899e-02,3.709999999999999964e-01
3.359850953398046958e-02,3.719999999999999973e-01
3.156391490259524008e-02,3.729999999999999982e-01
2.778455581763453544e-02,3.739999999999999991e-01
2.702575690038811276e-02,3.750000000000000000e-01
2.536114785281670669e-02,3.760000000000000009e-01
2.490191008237974818e-02,3.770000000000000018e-01
2.622590348669570984e-02,3.780000000000000027e-01
2.766295137628234369e-02,3.790000000000000036e-01
2.595249679929160710e-02,3.800000000000000044e-01
2.648379241027002881e-02,3.810000000000000053e-01
2.469720385054350806e-02,3.820000000000000062e-01
2.320782725136369060e-02,3.830000000000000071e-01
2.022312286437245518e-02,3.840000000000000080e-01
2.178272931315778163e-02,3.850000000000000089e-01
2.555782451425516258e-02,3.860000000000000098e-01
2.714325482722555402e-02,3.870000000000000107e-01
2.542905309024946423e-02,3.880000000000000115e-01
2.410902367778603589e-02,3.890000000000000124e-01
2.505908113533377932e-02,3.900000000000000133e-01
2.268635164366378243e-02,3.910000000000000142e-01
2.363437582063949299e-02,3.920000000000000151e-01
2.125222509358680803e-02,3.930000000000000160e-01
1.801649957817907585e-02,3.940000000000000169e-01
1.900034182155783957e-02,3.950000000000000178e-01
1.963111344952152629e-02,3.960000000000000187e-01
2.323591635248345097e-02,3.970000000000000195e-01
2.382785728208166101e-02,3.980000000000000204e-01
2.406142559765289679e-02,3.990000000000000213e-01
2.344476033552090125e-02,4.000000000000000222e-01
2.186196387708408059e-02,4.010000000000000231e-01
2.295232880252325372e-02,4.020000000000000240e-01
2.288480363437864207e-02,4.030000000000000249e-01
2.257537549124324569e-02,4.040000000000000258e-01
2.464398458847824255e-02,4.050000000000000266e-01
2.675324360940028318e-02,4.060000000000000275e-01
2.801474970704961875e-02,4.070000000000000284e-01
2.721442793806017751e-02,4.080000000000000293e-01
2.471673008634640151e-02,4.090000000000000302e-01
2.553742274514257324e-02,4.100000000000000311e-01
2.123289383695379715e-02,4.110000000000000320e-01
2.399022548654307016e-02,4.120000000000000329e-01
2.278872837794908637e-02,4.130000000000000338e-01
1.929015094974202357e-02,4.140000000000000346e-01
2.011020570477070613e-02,4.150000000000000355e-01
2.360659640856714245e-02,4.160000000000000364e-01
2.277824144149891150e-02,4.169999999999999818e-01
2.118131966531535890e-02,4.179999999999999827e-01
1.985457859642313430e-02,4.189999999999999836e-01
1.909047097876148680e-02,4.199999999999999845e-01
2.080747079330358060e-02,4.209999999999999853e-01
2.146084728272313127e-02,4.219999999999999862e-01
2.361961426134520300e-02,4.229999999999999871e-01
2.133673396003434725e-02,4.239999999999999880e-01
2.128825712480051160e-02,4.249999999999999889e-01
2.028783216549380833e-02,4.259999999999999898e-01
1.898925483553947843e-02,4.269999999999999907e-01
1.942484315617021284e-02,4.279999999999999916e-01
2.246217022707910904e-02,4.289999999999999925e-01
2.263963831518603365e-02,4.299999999999999933e-01
2.595361459496821344e-02,4.309999999999999942e-01
2.548990336567701076e-02,4.319999999999999951e-01
2.689712065963974566e-02,4.329999999999999960e-01
2.457189167793654566e-02,4.339999999999999969e-01
2.346601314919226008e-02,4.349999999999999978e-01
2.261622237969333066e-02,4.359999999999999987e-01
2.376497451425403640e-02,4.369999999999999996e-01
2.270835688575255015e-02,4.380000000000000004e-01
2.587888655898879300e-02,4.390000000000000013e-01
2.728967377929538557e-02,4.400000000000000022e-01
2.832491459256027133e-02,4.410000000000000031e-01
2.883708139826710731e-02,4.420000000000000040e-01
2.873858573622544918e-02,4.430000000000000049e-01
2.629979106772554684e-02,4.440000000000000058e-01
2.137583910467680259e-02,4.450000000000000067e-01
1.872774958138809578e-02,4.460000000000000075e-01
1.900614334158312949e-02,4.470000000000000084e-01
1.960627295372602275e-02,4.480000000000000093e-01
2.032333830649088804e-02,4.490000000000000102e-01
2.144803582932469296e-02,4.500000000000000111e-01
2.212495014461377321e-02,4.510000000000000120e-01
2.544779601251251355e-02,4.520000000000000129e-01
2.594950170868990866e-02,4.530000000000000138e-01
2.534932180131247922e-02,4.540000000000000147e-01
2.433247755301324103e-02,4.550000000000000155e-01
2.420182927369412748e-02,4.560000000000000164e-01
1.998054939534090260e-02,4.570000000000000173e-01
2.008129595736274364e-02,4.580000000000000182e-01
1.998443091004538028e-02,4.590000000000000191e-01
1.716361757013118439e-02,4.600000000000000200e-01
1.333081597858014507e-02,4.610000000000000209e-01
1.275668442636575597e-02,4.620000000000000218e-01
1.460946657755396449e-02,4.630000000000000226e-01
1.360299284314503768e-02,4.640000000000000235e-01
1.255292710446649813e-02,4.650000000000000244e-01
8.781522958490103198e-03,4.660000000000000253e-01
8.635916139825432908e-03,4.670000000000000262e-01
1.117634119418303706e-02,4.680000000000000271e-01
1.193312686357493775e-02,4.690000000000000280e-01
1.361224990346782300e-02,4.700000000000000289e-01
1.495751000866675159e-02,4.710000000000000298e-01
1.150600010998493669e-02,4.720000000000000306e-01
9.732015177034529507e-03,4.730000000000000315e-01
1.004208566703785298e-02,4.740000000000000324e-01
1.016802488740961227e-02,4.750000000000000333e-01
8.490373744186553370e-03,4.760000000000000342e-01
7.938817615786360193e-03,4.770000000000000351e-01
9.932836764247847741e-03,4.780000000000000360e-01
1.010492445983843419e-02,4.790000000000000369e-01
7.621756465959879552e-03,4.799999999999999822e-01
8.633829238615076465e-03,4.809999999999999831e-01
9.176020556349702428e-03,4.819999999999999840e-01
1.003531077799097240e-02,4.829999999999999849e-01
7.644329642604111470e-03,4.839999999999999858e-01
6.710384352884099339e-03,4.849999999999999867e-01
7.805003021115857788e-03,4.859999999999999876e-01
8.590697554911983988e-03,4.869999999999999885e-01
1.066001222150404944e-02,4.879999999999999893e-01
6.673757138554048222e-03,4.889999999999999902e-01
4.911282463375576078e-03,4.899999999999999911e-01
6.862353294469979506e-03,4.909999999999999920e-01
7.815616557679148577e-03,4.919999999999999929e-01
8.156061828418997503e-03,4.929999999999999938e-01
9.806279925063582370e-03,4.939999999999999947e-01
1.074831366051241972e-02,4.949999999999999956e-01
1.150578403473985142e-02,4.959999999999999964e-01
1.073400846719437321e-02,4.969999999999999973e-01
1.174254832706633778e-02,4.979999999999999982e-01
1.091888448311295265e-02,4.989999999999999991e-01
1.200153028142473058e-02,5.000000000000000000e-01
9.415389920412272143e-03,5.010000000000000009e-01
5.733222400152719611e-03,5.020000000000000018e-01
5.901550909031290544e-03,5.030000000000000027e-01
5.149109028381119307e-03,5.040000000000000036e-01
3.548263056875344996e-03,5.050000000000000044e-01
2.022052823762642178e-03,5.060000000000000053e-01
7.002535191158735161e-04,5.070000000000000062e-01
-1.751916732621525358e-03,5.080000000000000071e-01
-1.605932443339922085e-03,5.090000000000000080e-01
-6.840146698468339663e-05,5.100000000000000089e-01
-4.125666700561927210e-04,5.110000000000000098e-01
1.521039308316110561e-03,5.120000000000000107e-01
1.494825631349500430e-03,5.130000000000000115e-01
1.571556915221953557e-03,5.140000000000000124e-01
5.679712015166568477e-03,5.150000000000000133e-01
4.869626069022299324e-03,5.160000000000000142e-01
6.505856647327164927e-03,5.170000000000000151e-01
7.962850640350146655e-03,5.180000000000000160e-01
8.766419534265429761e-03,5.190000000000000169e-01
8.390030524374472373e-03,5.200000000000000178e-01
8.582233706364163217e-03,5.210000000000000187e-01
1.529668152516745934e-02,5.220000000000000195e-01
1.694464489335349364e-02,5.230000000000000204e-01
1.185992586225309911e-02,5.240000000000000213e-01
8.099254933034654921e-03,5.250000000000000222e-01
7.344781827717944411e-03,5.260000000000000231e-01
5.688257201686420551e-03,5.270000000000000240e-01
4.838444850993876833e-03,5.280000000000000249e-01
1.954530176951249556e-03,5.290000000000000258e-01
1.713751249491467753e-03,5.300000000000000266e-01
2.587423348900203478e-04,5.310000000000000275e-01
8.635032994725807967e-04,5.320000000000000284e-01
-2.105714184343944473e-03,5.330000000000000293e-01
-6.410851275110662079e-03,5.340000000000000302e-01
-7.311273026294515254e-03,5.350000000000000311e-01
-1.013110318457915993e-02,5.360000000000000320e-01
-1.278663266906167849e-02,5.370000000000000329e-01
-1.240185851063516434e-02,5.380000000000000338e-01
-1.289821981860581751e-02,5.390000000000000346e-01
-1.487907564630573665e-02,5.400000000000000355e-01
-1.403965293508678026e-02,5.410000000000000364e-01
-1.140719371637302117e-02,5.420000000000000373e-01
-1.013886748844755950e-02,5.430000000000000382e-01
-1.435116873735405897e-02,5.440000000000000391e-01
-1.223303623073970954e-02,5.450000000000000400e-01
-1.194578638713908285e-02,5.460000000000000409e-01
-1.413421512516303651e-02,5.470000000000000417e-01
-2.012849315300346137e-02,5.480000000000000426e-01
-2.380512247250354124e-02,5.490000000000000435e-01
-2.056162537430357082e-02,5.500000000000000444e-01
-2.054768266845749883e-02,5.510000000000000453e-01
-1.890690061038363678e-02,5.520000000000000462e-01
-1.635391223813565525e-02,5.530000000000000471e-01
-1.043708819405468266e-02,5.540000000000000480e-01
-1.327613858558611241e-02,5.550000000000000488e-01
-1.732126852252244623e-02,5.560000000000000497e-01
-1.701431978226813219e-02,5.570000000000000506e-01
-1.642286809844245229e-02,5.580000000000000515e-01
-1.456646100189167188e-02,5.590000000000000524e-01
-1.050710643040629264e-02,5.600000000000000533e-01
-8.807678840042243440e-03,5.610000000000000542e-01
-5.453828203449736199e-03,5.620000000000000551e-01
-3.825710575232370812e-03,5.630000000000000560e-01
-6.230924392419409999e-03,5.640000000000000568e-01
-7.470427381768843071e-03,5.650000000000000577e-01
-5.551292399947840676e-03,5.660000000000000586e-01
-6.502920256841432378e-03,5.670000000000000595e-01
-6.172136626177598430e-03,5.680000000000000604e-01
-4.559463855016350833e-03,5.690000000000000613e-01
-6.745738947230174760e-03,5.700000000000000622e-01
-3.746028820508040622e-03,5.710000000000000631e-01
-7.212102078274053654e-03,5.720000000000000639e-01
-1.162057101257037844e-02,5.730000000000000648e-01
-1.111272463362051634e-02,5.740000000000000657e-01
-1.384107328662469161e-02,5.750000000000000666e-01
-1.327917618635730129e-02,5.760000000000000675e-01
-1.625810852882375243e-02,5.769999999999999574e-01
-1.455726455982063461e-02,5.779999999999999583e-01
-1.559207555122613977e-02,5.789999999999999591e-01
-1.576679313374560951e-02,5.799999999999999600e-01
-1.647019813791401888e-02,5.809999999999999609e-01
-1.875357799366654185e-02,5.819999999999999618e-01
-1.790715647819128911e-02,5.829999999999999627e-01
-1.755678485114021622e-02,5.839999999999999636e-01
-1.932690128432707627e-02,5.849999999999999645e-01
-1.686682232975693016e-02,5.859999999999999654e-01
-1.547086993100616620e-02,5.869999999999999662e-01
-1.747535582128179402e-02,5.879999999999999671e-01
-1.800690526104773911e-02,5.889999999999999680e-01
-1.662753322275981049e-02,5.899999999999999689e-01
-1.392958224560843228e-02,5.909999999999999698e-01
-1.221420829587854286e-02,5.919999999999999707e-01
-1.147977802676404709e-02,5.929999999999999716e-01
-1.228817504948886280e-02,5.939999999999999725e-01
-9.740246135329717198e-03,5.949999999999999734e-01
-1.012821151100233748e-02,5.959999999999999742e-01
-1.390740791420713197e-02,5.969999999999999751e-01
-1.572204073900820148e-02,5.979999999999999760e-01
-1.473542426156642868e-02,5.989999999999999769e-01
-1.683272200708770330e-02,5.999999999999999778e-01
-1.997553369666063214e-02,6.009999999999999787e-01
-1.765202441950170301e-02,6.019999999999999796e-01
-1.724435070421356450e-02,6.029999999999999805e-01
-1.559815588762689283e-02,6.039999999999999813e-01
-1.814543549747796650e-02,6.049999999999999822e-01
-1.943123946541449459e-02,6.059999999999999831e-01
-1.931244536786503457e-02,6.069999999999999840e-01
-1.838103785670041485e-02,6.079999999999999849e-01
-1.556054865081165153e-02,6.089999999999999858e-01
-1.503191010559973458e-02,6.099999999999999867e-01
-1.940313964974571537e-02,6.109999999999999876e-01
-1.996586620840123255e-02,6.119999999999999885e-01
-2.012314869054016020e-02,6.129999999999999893e-01
-2.278876250799122261e-02,6.139999999999999902e-01
-2.144337505910824671e-02,6.149999999999999911e-01
-1.954019187010224215e-02,6.159999999999999920e-01
-2.075663039861535761e-02,6.169999999999999929e-01
-2.236475557315861784e-02,6.179999999999999938e-01
-2.302201012824627718e-02,6.189999999999999947e-01
-2.147272290472923909e-02,6.199999999999999956e-01
-2.257200861776454889e-02,6.209999999999999964e-01
-2.662299455842836657e-02,6.219999999999999973e-01
-2.822793890774021736e-02,6.229999999999999982e-01
-2.521790118072561246e-02,6.239999999999999991e-01
-2.467335890641363105e-02,6.250000000000000000e-01
-2.315985829549817299e-02,6.260000000000000009e-01
-2.671846780995037335e-02,6.270000000000000018e-01
-2.672018080202931758e-02,6.280000000000000027e-01
-2.493518118845351739e-02,6.290000000000000036e-01
-2.233604185515025015e-02,6.300000000000000044e-01
-2.314822771401387272e-02,6.310000000000000053e-01
-2.690400434319882225e-02,6.320000000000000062e-01
-3.069735856154785433e-02,6.330000000000000071e-01
-2.959893744968957949e-02,6.340000000000000080e-01
-3.142092399935983438e-02,6.350000000000000089e-01
-3.350891953917076171e-02,6.360000000000000098e-01
-3.425012584825039980e-02,6.370000000000000107e-01
-3.108470145431280543e-02,6.380000000000000115e-01
-3.218195725229294063e-02,6.390000000000000124e-01
-3.248462801169569453e-02,6.400000000000000133e-01
-3.031046655710022478e-02,6.410000000000000142e-01
-2.930488904829436914e-02,6.420000000000000151e-01
-2.571845471009785722e-02,6.430000000000000160e-01
-2.448258990097181356e-02,6.440000000000000169e-01
-2.240982459455483078e-02,6.450000000000000178e-01
-2.163099945242007160e-02,6.460000000000000187e-01
-2.208555647428876376e-02,6.470000000000000195e-01
-2.310375544409461190e-02,6.480000000000000204e-01
-2.205492649802936328e-02,6.490000000000000213e-01
-1.897143560732508089e-02,6.500000000000000222e-01
-2.104919249286473643e-02,6.510000000000000231e-01
-2.207808501835747256e-02,6.520000000000000240e-01
-2.401294443251810948e-02,6.530000000000000249e-01
-2.790323252493765935e-02,6.540000000000000258e-01
-3.153415691826563783e-02,6.550000000000000266e-01
-3.195910310991393471e-02,6.560000000000000275e-01
-2.990821686813037797e-02,6.570000000000000284e-01
-2.656328336816361421e-02,6.580000000000000293e-01
-2.494750111136680160e-02,6.590000000000000302e-01
-2.295140829513452399e-02,6.600000000000000311e-01
-2.522425202906207822e-02,6.610000000000000320e-01
-2.961622745733471021e-02,6.620000000000000329e-01
-3.058881687221665091e-02,6.630000000000000338e-01
-2.827761936735400869e-02,6.640000000000000346e-01
-2.282937913073697714e-02,6.650000000000000355e-01
-2.325798931664381161e-02,6.660000000000000364e-01
-2.466442532515565264e-02,6.670000000000000373e-01
-2.096856472155202156e-02,6.680000000000000382e-01
-2.226200062247345526e-02,6.690000000000000391e-01
-2.241194608232858002e-02,6.700000000000000400e-01
-2.375143875562332058e-02,6.710000000000000409e-01
-2.778620593504101122e-02,6.720000000000000417e-01
-2.908994127661162360e-02,6.730000000000000426e-01
-3.116282846666862741e-02,6.740000000000000435e-01
-3.203509688691012769e-02,6.750000000000000444e-01
-2.897990887136361882e-02,6.760000000000000453e-01
-2.793035665682892105e-02,6.770000000000000462e-01
-2.642937661357979209e-02,6.780000000000000471e-01
-2.409889633584908972e-02,6.790000000000000480e-01
-2.632760828058124461e-02,6.800000000000000488e-01
-2.847114023282046671e-02,6.810000000000000497e-01
-2.548374982112116410e-02,6.820000000000000506e-01
-2.685290384846997225e-02,6.830000000000000515e-01
-2.522665255933501799e-02,6.840000000000000524e-01
-2.675770270043375740e-02,6.850000000000000533e-01
-2.568936965736630038e-02,6.860000000000000542e-01
-2.537902472989436026e-02,6.870000000000000551e-01
-2.804711444598988190e-02,6.880000000000000560e-01
-3.001830200397745743e-02,6.890000000000000568e-01
-2.672559707507978291e-02,6.900000000000000577e-01
-2.946986934161112057e-02,6.910000000000000586e-01
-3.008963269085484366e-02,6.920000000000000595e-01
-2.734529008879457018e-02,6.930000000000000604e-01
-2.942201048801670188e-02,6.940000000000000613e-01
-3.093188159426972159e-02,6.950000000000000622e-01
-3.232197886725253488e-02,6.960000000000000631e-01
-3.074699396483878897e-02,6.970000000000000639e-01
-3.092094608462953725e-02,6.980000000000000648e-01
-3.047003852056549486e-02,6.990000000000000657e-01
-3.060066796535883260e-02,7.000000000000000666e-01
-3.083290591792312019e-02,7.010000000000000675e-01
-2.920362972871129101e-02,7.020000000000000684e-01
-2.831923901644058800e-02,7.030000000000000693e-01
-2.857751706474279813e-02,7.039999999999999591e-01
-2.801068354331336108e-02,7.049999999999999600e-01
-2.891943465305762614e-02,7.059999999999999609e-01
-2.598452261529959201e-02,7.069999999999999618e-01
-2.673219805181736852e-02,7.079999999999999627e-01
-2.572551682157368097e-02,7.089999999999999636e-01
-2.398815533960699589e-02,7.099999999999999645e-01
-2.269390368053391879e-02,7.109999999999999654e-01
-2.522747260654754908e-02,7.119999999999999662e-01
-2.828079902743187851e-02,7.129999999999999671e-01
-3.337131386933101657e-02,7.139999999999999680e-01
-3.216021076168277398e-02,7.149999999999999689e-01
-3.440890885365700813e-02,7.159999999999999698e-01
-3.657628796161092183e-02,7.169999999999999707e-01
-4.056965282305440013e-02,7.179999999999999716e-01
-3.786068432111582005e-02,7.189999999999999725e-01
-3.821972234790692313e-02,7.199999999999999734e-01
-3.758910493663328301e-02,7.209999999999999742e-01
-3.676380480909427484e-02,7.219999999999999751e-01
-3.607576255916226243e-02,7.229999999999999760e-01
-3.536506459292323296e-02,7.239999999999999769e-01
-3.781277704512844146e-02,7.249999999999999778e-01
-3.829890362934603582e-02,7.259999999999999787e-01
-3.958925017577112626e-02,7.269999999999999796e-01
-4.254764907822911058e-02,7.279999999999999805e-01
-4.807604807453184914e-02,7.289999999999999813e-01
-5.005340874426375541e-02,7.299999999999999822e-01
-5.017364394925819676e-02,7.309999999999999831e-01
-4.754574567560458653e-02,7.319999999999999840e-01
-4.811827959591784970e-02,7.329999999999999849e-01
-4.750819675493560268e-02,7.339999999999999858e-01
-4.889068657090769876e-02,7.349999999999999867e-01
-4.984160030748976955e-02,7.359999999999999876e-01
-5.091411935453063475e-02,7.369999999999999885e-01
-5.099864051414187277e-02,7.379999999999999893e-01
-5.178386407370040578e-02,7.389999999999999902e-01
-4.863759171754666877e-02,7.399999999999999911e-01
-4.518586138066520846e-02,7.409999999999999920e-01
-4.336540579671741003e-02,7.419999999999999929e-01
-4.445442285811108951e-02,7.429999999999999938e-01
-4.505391516995705531e-02,7.439999999999999947e-01
-4.684691808561466941e-02,7.449999999999999956e-01
-4.621723291523878452e-02,7.459999999999999964e-01
-4.487870373753360953e-02,7.469999999999999973e-01
-4.277521667156965191e-02,7.479999999999999982e-01
-4.359728989503752067e-02,7.489999999999999991e-01
-4.420133010225865688e-02,7.500000000000000000e-01
-4.081349604140036003e-02,7.510000000000000009e-01
-3.854794803240414736e-02,7.520000000000000018e-01
-3.588348255695068129e-02,7.530000000000000027e-01
-3.563178533911267459e-02,7.540000000000000036e-01
-3.546093503594621027e-02,7.550000000000000044e-01
-3.513840581159666937e-02,7.560000000000000053e-01
-3.017860153399999634e-02,7.570000000000000062e-01
-2.864070196153836387e-02,7.580000000000000071e-01
-2.824469619915996252e-02,7.590000000000000080e-01
-2.529199139409346250e-02,7.600000000000000089e-01
-2.868475987350531387e-02,7.610000000000000098e-01
-3.157782683416712061e-02,7.620000000000000107e-01
-3.067185335378568370e-02,7.630000000000000115e-01
-2.855516555176375662e-02,7.640000000000000124e-01
-2.650631210777553218e-02,7.650000000000000133e-01
-2.676894706549738309e-02,7.660000000000000142e-01
-2.568098438916336171e-02,7.670000000000000151e-01
-2.960072029209836336e-02,7.680000000000000160e-01
-3.290079681097980019e-02,7.690000000000000169e-01
-3.319471212292385287e-02,7.700000000000000178e-01
-3.312362717880329432e-02,7.710000000000000187e-01
-3.625018145327232183e-02,7.720000000000000195e-01
-3.395561277719748999e-02,7.730000000000000204e-01
-3.705456201527714682e-02,7.740000000000000213e-01
-3.708667250602168397e-02,7.750000000000000222e-01
-3.701902156101838370e-02,7.760000000000000231e-01
-3.558575231421245988e-02,7.770000000000000240e-01
-3.575083901788804475e-02,7.780000000000000249e-01
-3.800062633135899148e-02,7.790000000000000258e-01
-3.665445903617631229e-02,7.800000000000000266e-01
-3.792410342751791064e-02,7.810000000000000275e-01
-3.958543632680121271e-02,7.820000000000000284e-01
-4.017183839873073037e-02,7.830000000000000293e-01
-3.742690203622198175e-02,7.840000000000000302e-01
-4.261676536711131447e-02,7.850000000000000311e-01
-4.530155252541746141e-02,7.860000000000000320e-01
-4.422265783279315243e-02,7.870000000000000329e-01
-4.570832677017371004e-02,7.880000000000000338e-01
-4.182056146213834757e-02,7.890000000000000346e-01
-3.977470527781636067e-02,7.900000000000000355e-01
-4.345575125976760406e-02,7.910000000000000364e-01
-4.417511231713856096e-02,7.920000000000000373e-01
-4.602337352040033330e-02,7.930000000000000382e-01
-4.713620621940006056e-02,7.940000000000000391e-01
-4.621508810453094779e-02,7.950000000000000400e-01
-4.492443692687615731e-02,7.960000000000000409e-01
-4.269623094786100664e-02,7.970000000000000417e-01
-3.972783186803359456e-02,7.980000000000000426e-01
-4.118173297262719967e-02,7.990000000000000435e-01
-3.955579681563883843e-02,8.000000000000000444e-01
-4.069708765814073620e-02,8.010000000000000453e-01
-4.020642341400696568e-02,8.020000000000000462e-01
-3.779487918374677125e-02,8.030000000000000471e-01
-4.079712474309397235e-02,8.040000000000000480e-01
-3.916345523347260216e-02,8.050000000000000488e-01
-3.657008100837351450e-02,8.060000000000000497e-01
-3.429784786387279211e-02,8.070000000000000506e-01
-3.357418922001500355e-02,8.080000000000000515e-01
-3.158379557721800041e-02,8.090000000000000524e-01
-3.079120326350189008e-02,8.100000000000000533e-01
-3.308567868073875734e-02,8.110000000000000542e-01
-3.431332637903561356e-02,8.120000000000000551e-01
-2.772922962596934687e-02,8.130000000000000560e-01
-2.790738808324423614e-02,8.140000000000000568e-01
-3.401123436922541543e-02,8.150000000000000577e-01
-3.633952679136703834e-02,8.160000000000000586e-01
-3.530247349159446046e-02,8.170000000000000595e-01
-3.741285998693122394e-02,8.180000000000000604e-01
-3.117542870061087990e-02,8.190000000000000613e-01
-2.680112820067963655e-02,8.200000000000000622e-01
-2.689893707636277498e-02,8.210000000000000631e-01
-2.890901912864045700e-02,8.220000000000000639e-01
-3.265238185985132324e-02,8.230000000000000648e-01
-3.290381057068337417e-02,8.240000000000000657e-01
-3.382735561123266510e-02,8.250000000000000666e-01
-3.852471525952488873e-02,8.260000000000000675e-01
-3.923436157961277676e-02,8.270000000000000684e-01
-4.209709721369043339e-02,8.280000000000000693e-01
-4.272552867653840042e-02,8.290000000000000702e-01
-4.248493204455775635e-02,8.300000000000000711e-01
-4.289676270646240741e-02,8.310000000000000719e-01
-4.467800406540221175e-02,8.320000000000000728e-01
-4.452993704765335903e-02,8.329999999999999627e-01
-4.632395969315528106e-02,8.339999999999999636e-01
-4.386326357163643219e-02,8.349999999999999645e-01
-4.053280083556051738e-02,8.359999999999999654e-01
-4.090177153154379158e-02,8.369999999999999662e-01
-4.147907088194099923e-02,8.379999999999999671e-01
-4.112895673712107375e-02,8.389999999999999680e-01
-4.174638249546797075e-02,8.399999999999999689e-01
-3.852169803758664912e-02,8.409999999999999698e-01
-3.638392373384874423e-02,8.419999999999999707e-01
-3.505030770181735006e-02,8.429999999999999716e-01
-3.539791105807801180e-02,8.439999999999999725e-01
-3.546486377205699397e-02,8.449999999999999734e-01
-3.410079612185316911e-02,8.459999999999999742e-01
-3.436721869426956344e-02,8.469999999999999751e-01
-3.394187136846853192e-02,8.479999999999999760e-01
-3.546326861897198396e-02,8.489999999999999769e-01
-3.528189420838717671e-02,8.499999999999999778e-01
-3.347448056095225777e-02,8.509999999999999787e-01
-3.153377757281789623e-02,8.519999999999999796e-01
-2.571907501406563504e-02,8.529999999999999805e-01
-2.285074378777358223e-02,8.539999999999999813e-01
-1.999806838272371462e-02,8.549999999999999822e-01
-2.149333247707024136e-02,8.559999999999999831e-01
-2.029621022754529019e-02,8.569999999999999840e-01
-1.450632524425702306e-02,8.579999999999999849e-01
-1.133065676148772155e-02,8.589999999999999858e-01
-1.123386972882101272e-02,8.599999999999999867e-01
-1.174957550568993432e-02,8.609999999999999876e-01
-1.198012474298121646e-02,8.619999999999999885e-01
-7.451424891027751476e-03,8.629999999999999893e-01
-6.915574782728620487e-03,8.639999999999999902e-01
-1.004425184244334655e-02,8.649999999999999911e-01
-9.323263822490922628e-03,8.659999999999999920e-01
-1.176930833590002570e-02,8.669999999999999929e-01
-1.306440730233354545e-02,8.679999999999999938e-01
-1.833036710779805192e-02,8.689999999999999947e-01
-2.101525837560933377e-02,8.699999999999999956e-01
-2.070549078264772094e-02,8.709999999999999964e-01
-2.012397270890982012e-02,8.719999999999999973e-01
-1.990460630614911477e-02,8.729999999999999982e-01
-2.286372945397599152e-02,8.739999999999999991e-01
-2.078834120968321361e-02,8.750000000000000000e-01
-1.968991747273277429e-02,8.760000000000000009e-01
-2.097728658747502473e-02,8.770000000000000018e-01
-2.004013954959300500e-02,8.780000000000000027e-01
-2.014582728822537916e-02,8.790000000000000036e-01
-1.865490518741013889e-02,8.800000000000000044e-01
-2.044102124531347112e-02,8.810000000000000053e-01
-2.216191757784021291e-02,8.820000000000000062e-01
-2.281022889945810705e-02,8.830000000000000071e-01
-2.309325147608939227e-02,8.840000000000000080e-01
-2.219960812800259378e-02,8.850000000000000089e-01
-2.063047657506781457e-02,8.860000000000000098e-01
-2.196794162786484123e-02,8.870000000000000107e-01
-2.301517041876613434e-02,8.880000000000000115e-01
-2.319711601287685263e-02,8.890000000000000124e-01
-2.250375362580066610e-02,8.900000000000000133e-01
-2.098172470616429738e-02,8.910000000000000142e-01
-2.324875874669565454e-02,8.920000000000000151e-01
-2.745891464521559716e-02,8.930000000000000160e-01
-2.566939204337142372e-02,8.940000000000000169e-01
-2.295288691954131682e-02,8.950000000000000178e-01
-2.463672514243361172e-02,8.960000000000000187e-01
-2.313806844974075627e-02,8.970000000000000195e-01
-2.255602106423778425e-02,8.980000000000000204e-01
-2.112904179226343659e-02,8.990000000000000213e-01
-1.965895091720969851e-02,9.000000000000000222e-01
-2.238338625165978146e-02,9.010000000000000231e-01
-2.435738330560418413e-02,9.020000000000000240e-01
-2.554297651014720075e-02,9.030000000000000249e-01
-2.616443703729694550e-02,9.040000000000000258e-01
-2.956348290385282795e-02,9.050000000000000266e-01
-2.907642986212450806e-02,9.060000000000000275e-01
-2.927001787717709025e-02,9.070000000000000284e-01
-2.960189908301836051e-02,9.080000000000000293e-01
-2.906306261365980068e-02,9.090000000000000302e-01
-2.884099398193648925e-02,9.100000000000000311e-01
-3.049432034199694649e-02,9.110000000000000320e-01
-3.162188141238256311e-02,9.120000000000000329e-01
-3.450077464593268722e-02,9.130000000000000338e-01
-3.333836077291586070e-02,9.140000000000000346e-01
-3.235577504377292607e-02,9.150000000000000355e-01
-3.062499536261494709e-02,9.160000000000000364e-01
-2.956980045753153374e-02,9.170000000000000373e-01
-3.017494569071149310e-02,9.180000000000000382e-01
-3.076331981509004138e-02,9.190000000000000391e-01
-2.880720018947649508e-02,9.200000000000000400e-01
-3.350809407025581027e-02,9.210000000000000409e-01
-3.573856270404857094e-02,9.220000000000000417e-01
-3.428195372886294612e-02,9.230000000000000426e-01
-3.367521668933209228e-02,9.240000000000000435e-01
-3.035804378091319644e-02,9.250000000000000444e-01
-3.045877432474941235e-02,9.260000000000000453e-01
-3.130302387377379564e-02,9.270000000000000462e-01
-2.794073086277545567e-02,9.280000000000000471e-01
-2.534199766723485570e-02,9.290000000000000480e-01
-2.153321421465527810e-02,9.300000000000000488e-01
-1.971650712210765502e-02,9.310000000000000497e-01
-1.899491261078339530e-02,9.320000000000000506e-01
-1.955924370844691618e-02,9.330000000000000515e-01
-2.143595035078441416e-02,9.340000000000000524e-01
-2.023565688149907629e-02,9.350000000000000533e-01
-1.792801283398504086e-02,9.360000000000000542e-01
-1.675928880949425354e-02,9.370000000000000551e-01
-1.773232980478971557e-02,9.380000000000000560e-01
-1.464171226491102831e-02,9.390000000000000568e-01
-1.740117544016358056e-02,9.400000000000000577e-01
-1.688023756723415481e-02,9.410000000000000586e-01
-1.272557704062238226e-02,9.420000000000000595e-01
-1.062963581889903725e-02,9.430000000000000604e-01
-9.799119027635980542e-03,9.440000000000000613e-01
-1.269014220872308023e-02,9.450000000000000622e-01
-1.290649509228336718e-02,9.460000000000000631e-01
-1.274400749330513623e-02,9.470000000000000639e-01
-1.288169930587310108e-02,9.480000000000000648e-01
-1.304999938570388165e-02,9.490000000000000657e-01
-1.079564388157876025e-02,9.500000000000000666e-01
-8.776081749302744664e-03,9.510000000000000675e-01
-6.539999515811955981e-03,9.520000000000000684e-01
-5.097675245148819943e-03,9.530000000000000693e-01
-6.393680843962606074e-03,9.540000000000000702e-01
-1.070099659203042897e-02,9.550000000000000711e-01
-1.113977641641328113e-02,9.560000000000000719e-01
-9.552939593865798426e-03,9.570000000000000728e-01
-1.073250493420714081e-02,9.580000000000000737e-01
-1.347404122268505873e-02,9.590000000000000746e-01
-1.155613469592056165e-02,9.599999999999999645e-01
-1.058973184445326579e-02,9.609999999999999654e-01
-1.013321986758503740e-02,9.619999999999999662e-01
-1.215516746063788692e-02,9.629999999999999671e-01
-1.501882343745258343e-02,9.639999999999999680e-01
-1.528175206321025215e-02,9.649999999999999689e-01
-2.264429683868557364e-02,9.659999999999999698e-01
-2.592768260636776900e-02,9.669999999999999707e-01
-2.857229964722592108e-02,9.679999999999999716e-01
-3.016389560938867107e-02,9.689999999999999725e-01
-2.912232537285205577e-02,9.699999999999999734e-01
-2.993338862272046028e-02,9.709999999999999742e-01
-2.934728745747147705e-02,9.719999999999999751e-01
-2.892053871329771167e-02,9.729999999999999760e-01
-2.857812124653918984e-02,9.739999999999999769e-01
-2.923854086514115699e-02,9.749999999999999778e-01
-2.562853481237673675e-02,9.759999999999999787e-01
-2.733119931594289384e-02,9.769999999999999796e-01
-2.788757381759547974e-02,9.779999999999999805e-01
-2.786748893460813323e-02,9.789999999999999813e-01
-2.395805605578962133e-02,9.799999999999999822e-01
-1.971213626221018228e-02,9.809999999999999831e-01
-1.907663659975602707e-02,9.819999999999999840e-01
-1.899553782599635102e-02,9.829999999999999849e-01
-1.929817358716721595e-02,9.839999999999999858e-01
-1.646018656915007941e-02,9.849999999999999867e-01
-1.884559512670920881e-02,9.859999999999999876e-01
-1.622238388629974881e-02,9.869999999999999885e-01
-1.411878505641048047e-02,9.879999999999999893e-01
-1.428848687429985949e-02,9.889999999999999902e-01
-1.611682838900293027e-02,9.899999999999999911e-01
-1.678624257243254217e-02,9.909999999999999920e-01
-1.655724776572061255e-02,9.919999999999999929e-01
-1.675846056063028111e-02,9.929999999999999938e-01
-1.717342774248876297e-02,9.939999999999999947e-01
-1.662092321923809915e-02,9.949999999999999956e-01
-1.860651972618615133e-02,9.959999999999999964e-01
-2.086179522806187736e-02,9.969999999999999973e-01
-2.308936357275178861e-02,9.979999999999999982e-01
-2.255616929528823575e-02,9.989999999999999991e-01
-2.252656269068822187e-02,1.000000000000000000e+00
