-3.292061235475633035e-02,1.000000000000000021e-03
3.363382685092374588e-04,2.000000000000000042e-03
-6.741471907949657047e-03,3.000000000000000062e-03
-2.540503322751199583e-02,4.000000000000000083e-03
-5.806748639469941874e-03,5.000000000000000104e-03
-7.898447406577342386e-03,6.000000000000000125e-03
2.661707276476608583e-02,7.000000000000000146e-03
2.591344584155572811e-02,8.000000000000000167e-03
2.674773242297295850e-02,9.000000000000001055e-03
1.431190925389989399e-03,1.000000000000000021e-02
-1.508003801577032822e-02,1.099999999999999936e-02
3.774088617196687950e-02,1.200000000000000025e-02
1.967302400338350604e-02,1.300000000000000114e-02
-5.073986066600376203e-03,1.400000000000000029e-02
4.540374821029545538e-02,1.499999999999999944e-02
1.848483575573846641e-02,1.600000000000000033e-02
-1.386707841718599378e-02,1.700000000000000122e-02
-1.199926277608072585e-02,1.800000000000000211e-02
-3.384266886785398248e-02,1.899999999999999953e-02
1.174625178472204524e-02,2.000000000000000042e-02
1.132824518761541173e-02,2.100000000000000130e-02
3.114980272956903440e-02,2.199999999999999872e-02
3.071311214050343602e-02,2.299999999999999961e-02
-2.059216622589226178e-02,2.400000000000000050e-02
-2.461440434434045837e-02,2.500000000000000139e-02
2.366222398076880257e-02,2.600000000000000228e-02
4.040805982546642749e-03,2.699999999999999969e-02
-1.464524760235130264e-02,2.800000000000000058e-02
2.731203218078425907e-02,2.900000000000000147e-02
-6.062348875530245915e-03,2.999999999999999889e-02
1.097107900452788665e-02,3.099999999999999978e-02
2.330827354705230711e-02,3.200000000000000067e-02
1.576935352999941919e-02,3.300000000000000155e-02
4.668084783622815370e-02,3.400000000000000244e-02
1.356730201060679826e-03,3.500000000000000333e-02
-7.289860964028429570e-03,3.600000000000000422e-02
4.058759645993120779e-02,3.699999999999999817e-02
-3.308716601509062438e-02,3.799999999999999906e-02
-4.163541010164432954e-02,3.899999999999999994e-02
5.992282249180969772e-02,4.000000000000000083e-02
2.171417939530703722e-02,4.100000000000000172e-02
-1.650087589187648404e-02,4.200000000000000261e-02
2.995182083921844179e-02,4.300000000000000350e-02
-3.274130923773629909e-02,4.399999999999999745e-02
-1.081969338987580874e-02,4.499999999999999833e-02
1.464303395225079142e-03,4.599999999999999922e-02
1.418191602595865637e-02,4.700000000000000011e-02
-7.870493334912331482e-03,4.800000000000000100e-02
6.758395225274481952e-04,4.900000000000000189e-02
1.416203592630978399e-02,5.000000000000000278e-02
8.264193258694266936e-03,5.100000000000000366e-02
-4.714952793025051214e-02,5.200000000000000455e-02
2.631179936781465403e-02,5.299999999999999850e-02
-1.837644079074696700e-03,5.399999999999999939e-02
-2.109260518418840796e-02,5.500000000000000028e-02
3.226099310169380091e-02,5.600000000000000117e-02
4.413838008125460163e-03,5.700000000000000205e-02
2.089452325522889176e-02,5.800000000000000294e-02
-2.168818822840189956e-03,5.900000000000000383e-02
3.127798352109424640e-02,5.999999999999999778e-02
-1.850577760278935072e-02,6.099999999999999867e-02
3.349500470270432018e-02,6.199999999999999956e-02
2.771249026249381769e-02,6.300000000000000044e-02
-3.529392940644879295e-02,6.400000000000000133e-02
-3.118990880506632146e-02,6.500000000000000222e-02
2.806355403010395155e-02,6.600000000000000311e-02
-2.426834286436481761e-02,6.700000000000000400e-02
9.750652086201518423e-03,6.800000000000000488e-02
-1.300392832497318085e-03,6.900000000000000577e-02
-8.269801423196190132e-03,7.000000000000000666e-02
-6.381790409671145997e-03,7.100000000000000755e-02
-4.477383616803514571e-02,7.200000000000000844e-02
2.257516414699957397e-02,7.299999999999999545e-02
-4.696016941854873339e-02,7.399999999999999634e-02
1.128441286955509694e-02,7.499999999999999722e-02
-4.415954602714423916e-02,7.599999999999999811e-02
-1.397811237125183223e-02,7.699999999999999900e-02
3.873836256257624094e-02,7.799999999999999989e-02
-8.173582539777393338e-03,7.900000000000000078e-02
-2.939764347199519401e-02,8.000000000000000167e-02
-7.992787697056439808e-03,8.100000000000000255e-02
6.671258007068088525e-03,8.200000000000000344e-02
-3.693467761025109874e-02,8.300000000000000433e-02
3.513720288469942502e-03,8.400000000000000522e-02
1.832987187995278964e-03,8.500000000000000611e-02
-1.528617290191033873e-02,8.600000000000000699e-02
-4.793699465690722666e-02,8.700000000000000788e-02
-1.176835555497130273e-02,8.799999999999999489e-02
7.929409786521464387e-02,8.899999999999999578e-02
4.583133850159709644e-02,8.999999999999999667e-02
1.356039293433989983e-02,9.099999999999999756e-02
1.192206811044305495e-02,9.199999999999999845e-02
-8.174150274070701716e-03,9.299999999999999933e-02
4.180892417434314834e-02,9.400000000000000022e-02
-1.678447026078593723e-02,9.500000000000000111e-02
1.548388610846917514e-02,9.600000000000000200e-02
2.370149462214593897e-02,9.700000000000000289e-02
1.338866316253826787e-02,9.800000000000000377e-02
-8.995881553813898229e-03,9.900000000000000466e-02
4.013969645237485534e-02,1.000000000000000056e-01
-3.212706554153106717e-03,1.010000000000000064e-01
-2.970545783399735143e-02,1.020000000000000073e-01
2.354701757890028183e-02,1.030000000000000082e-01
3.852700060973478224e-02,1.040000000000000091e-01
1.900984137630890719e-02,1.049999999999999961e-01
6.733911133030562324e-02,1.059999999999999970e-01
2.342934762197421833e-02,1.069999999999999979e-01
-5.745167833518052825e-02,1.079999999999999988e-01
-8.146641186632748791e-03,1.089999999999999997e-01
1.795931341431803233e-02,1.100000000000000006e-01
-3.909965703311841373e-02,1.110000000000000014e-01
-1.477864536794844079e-02,1.120000000000000023e-01
4.274605406904779387e-02,1.130000000000000032e-01
-7.011721930396340105e-03,1.140000000000000041e-01
-6.393800439709455309e-03,1.150000000000000050e-01
-2.746423658069426996e-02,1.160000000000000059e-01
-2.540922288100426474e-02,1.170000000000000068e-01
-7.273606740947556951e-03,1.180000000000000077e-01
1.917504647273161889e-02,1.190000000000000085e-01
2.183371564903941950e-02,1.199999999999999956e-01
2.718815569956572684e-02,1.209999999999999964e-01
5.792899532004380792e-02,1.219999999999999973e-01
4.891471339271347141e-02,1.229999999999999982e-01
2.410825993354145241e-02,1.239999999999999991e-01
3.434460522783414765e-02,1.250000000000000000e-01
8.040690069144141444e-03,1.260000000000000009e-01
-1.965376979812801309e-02,1.270000000000000018e-01
5.324160206511423937e-03,1.280000000000000027e-01
-3.056631511967199469e-02,1.290000000000000036e-01
1.280726189570897088e-02,1.300000000000000044e-01
-4.626619217438465714e-02,1.310000000000000053e-01
1.534439565445309267e-02,1.320000000000000062e-01
-2.688837480968443369e-02,1.330000000000000071e-01
1.516206528787910485e-02,1.340000000000000080e-01
2.651902107298850092e-02,1.350000000000000089e-01
1.337584011785094076e-02,1.360000000000000098e-01
-2.435493415158891672e-02,1.370000000000000107e-01
1.111976282380311085e-02,1.380000000000000115e-01
-2.115362540252474152e-02,1.390000000000000124e-01
1.032157065816742547e-02,1.400000000000000133e-01
-1.132599521501521586e-02,1.410000000000000142e-01
2.137786071506363877e-02,1.420000000000000151e-01
-9.202587936059601278e-03,1.430000000000000160e-01
-4.197416782457045331e-02,1.440000000000000169e-01
1.493452642164833392e-03,1.449999999999999900e-01
-3.126243961034832347e-02,1.459999999999999909e-01
-1.350240945446122900e-02,1.469999999999999918e-01
4.974235784894274343e-02,1.479999999999999927e-01
-7.584581541364709967e-03,1.489999999999999936e-01
-3.809986062498944403e-03,1.499999999999999944e-01
-2.063173464340276736e-02,1.509999999999999953e-01
5.816960605069431550e-02,1.519999999999999962e-01
-3.505161601994631615e-02,1.529999999999999971e-01
2.829596281056676738e-02,1.539999999999999980e-01
7.734091642994390600e-03,1.549999999999999989e-01
2.530724377138865097e-02,1.559999999999999998e-01
-3.081904753880540873e-02,1.570000000000000007e-01
2.741880169997846367e-02,1.580000000000000016e-01
-5.587967030734605767e-02,1.590000000000000024e-01
2.660722517854210642e-02,1.600000000000000033e-01
-6.133827137415202857e-02,1.610000000000000042e-01
4.802291656547433285e-02,1.620000000000000051e-01
-2.277798952225345772e-02,1.630000000000000060e-01
3.208130400066616650e-02,1.640000000000000069e-01
2.435583908972050599e-02,1.650000000000000078e-01
-9.961830094405741548e-03,1.660000000000000087e-01
4.178473759437380947e-02,1.670000000000000095e-01
-2.197936188749314082e-02,1.680000000000000104e-01
3.005080379026024012e-02,1.690000000000000113e-01
-3.212091080791964343e-02,1.700000000000000122e-01
8.866672556192724611e-03,1.710000000000000131e-01
-4.957121052080311341e-02,1.720000000000000140e-01
-1.789186083963016302e-02,1.730000000000000149e-01
3.012516327914610895e-02,1.740000000000000158e-01
2.129566766755871046e-02,1.750000000000000167e-01
-2.795886051768823807e-02,1.759999999999999898e-01
1.778549546055623043e-02,1.769999999999999907e-01
1.022675129311164874e-02,1.779999999999999916e-01
8.502726621276447336e-03,1.789999999999999925e-01
1.690029995206932673e-02,1.799999999999999933e-01
-2.318093705940832763e-02,1.809999999999999942e-01
9.140614581057254426e-03,1.819999999999999951e-01
-5.493102572139576395e-02,1.829999999999999960e-01
1.677773042752264687e-02,1.839999999999999969e-01
1.546247839467176401e-02,1.849999999999999978e-01
4.375372344479110803e-02,1.859999999999999987e-01
-4.028712337063201920e-02,1.869999999999999996e-01
2.611135923080575363e-02,1.880000000000000004e-01
-2.051295847909767947e-02,1.890000000000000013e-01
1.132029052665732040e-02,1.900000000000000022e-01
-3.138494723953235560e-02,1.910000000000000031e-01
2.035612658441757206e-02,1.920000000000000040e-01
3.089371768285416320e-02,1.930000000000000049e-01
-5.397848256114883003e-02,1.940000000000000058e-01
6.984911080645659319e-03,1.950000000000000067e-01
-3.679037594367873254e-02,1.960000000000000075e-01
1.710957307252520751e-02,1.970000000000000084e-01
3.170152818527892900e-03,1.980000000000000093e-01
2.352271742673546322e-03,1.990000000000000102e-01
-7.269328499962991741e-02,2.000000000000000111e-01
-4.941519735331358076e-02,2.010000000000000120e-01
5.996927749088055287e-02,2.020000000000000129e-01
4.679659347812404474e-02,2.030000000000000138e-01
1.158120974167922181e-02,2.040000000000000147e-01
2.230597647926919197e-02,2.050000000000000155e-01
-3.689346098306010846e-02,2.060000000000000164e-01
1.263486303589473822e-02,2.070000000000000173e-01
-1.774681584499165216e-02,2.080000000000000182e-01
-6.567191457009231674e-04,2.089999999999999913e-01
8.677228441427216332e-03,2.099999999999999922e-01
-3.160179982160533224e-02,2.109999999999999931e-01
9.114377690486496000e-03,2.119999999999999940e-01
3.300191639003569738e-02,2.129999999999999949e-01
-3.765363902006094859e-02,2.139999999999999958e-01
-4.667419947962826027e-02,2.149999999999999967e-01
2.554692092715113091e-02,2.159999999999999976e-01
-1.678748190431438372e-02,2.169999999999999984e-01
-3.733525097016763411e-02,2.179999999999999993e-01
4.472659837153057649e-02,2.190000000000000002e-01
-2.043733492889295011e-02,2.200000000000000011e-01
-1.294587375979740738e-02,2.210000000000000020e-01
9.590244987394653392e-03,2.220000000000000029e-01
-1.315134648268552128e-02,2.230000000000000038e-01
-5.462835386118406605e-02,2.240000000000000047e-01
2.051651154698859447e-02,2.250000000000000056e-01
8.808685529434829437e-03,2.260000000000000064e-01
-4.001244462007928597e-03,2.270000000000000073e-01
4.695846270980032731e-03,2.280000000000000082e-01
-2.131840383131740346e-02,2.290000000000000091e-01
-3.216524160697682710e-02,2.300000000000000100e-01
-1.889787924438074071e-02,2.310000000000000109e-01
1.652150697288710599e-02,2.320000000000000118e-01
2.033860573848938341e-02,2.330000000000000127e-01
1.071716548197275756e-02,2.340000000000000135e-01
-6.480790359006863462e-03,2.350000000000000144e-01
4.948823040262199588e-03,2.360000000000000153e-01
-2.166922237872007106e-02,2.370000000000000162e-01
3.365946542146226045e-02,2.380000000000000171e-01
-3.458738590216395292e-02,2.390000000000000180e-01
-2.186205630551879553e-02,2.399999999999999911e-01
5.168740697006846997e-03,2.409999999999999920e-01
-2.245037202772822219e-02,2.419999999999999929e-01
2.355740000755946958e-02,2.429999999999999938e-01
-3.523606182964650335e-02,2.439999999999999947e-01
-1.025130940588040059e-02,2.449999999999999956e-01
-2.534033398293780714e-02,2.459999999999999964e-01
7.729608304659803253e-03,2.469999999999999973e-01
3.184687262686281689e-02,2.479999999999999982e-01
-5.094619287399477364e-02,2.489999999999999991e-01
-2.626953013937140258e-02,2.500000000000000000e-01
-6.669672739122536886e-02,2.510000000000000009e-01
6.709941775551240065e-03,2.520000000000000018e-01
-1.468847503661652176e-02,2.530000000000000027e-01
2.501768822259202787e-02,2.540000000000000036e-01
7.059339236030836781e-03,2.550000000000000044e-01
-5.209206905007664201e-02,2.560000000000000053e-01
-4.733027578252885920e-02,2.570000000000000062e-01
-7.731333464686068746e-02,2.580000000000000071e-01
-2.202276524780890157e-02,2.590000000000000080e-01
5.362573788250306339e-02,2.600000000000000089e-01
-1.374264773980406543e-02,2.610000000000000098e-01
-2.532216459159827501e-02,2.620000000000000107e-01
-1.767564858040277659e-02,2.630000000000000115e-01
-5.523961585728077300e-02,2.640000000000000124e-01
2.504161596870866074e-03,2.650000000000000133e-01
-2.996506702771114736e-02,2.660000000000000142e-01
-3.406068559654287786e-02,2.670000000000000151e-01
3.526853748850879849e-02,2.680000000000000160e-01
-2.250703360658634199e-03,2.690000000000000169e-01
1.643646048616263441e-02,2.700000000000000178e-01
-6.965761536887503380e-02,2.710000000000000187e-01
-1.854456294454590037e-02,2.720000000000000195e-01
4.716410467173035720e-02,2.730000000000000204e-01
-1.900532512676222224e-02,2.740000000000000213e-01
1.863631889631512176e-02,2.750000000000000222e-01
-4.563490574653360221e-02,2.760000000000000231e-01
3.986438119289430898e-02,2.770000000000000240e-01
5.071979552299528925e-03,2.780000000000000249e-01
5.860675646101503981e-03,2.790000000000000258e-01
1.487632066170927435e-02,2.800000000000000266e-01
1.704994083846902639e-02,2.810000000000000275e-01
1.152442264302373960e-02,2.820000000000000284e-01
2.736104008762115652e-03,2.830000000000000293e-01
-1.632498258780654479e-02,2.840000000000000302e-01
2.974864927050811791e-02,2.850000000000000311e-01
3.596212696603980769e-02,2.860000000000000320e-01
-5.305202249302282125e-02,2.870000000000000329e-01
1.714038990783747773e-02,2.880000000000000338e-01
4.182727864206767926e-02,2.889999999999999791e-01
-3.228065811632923471e-02,2.899999999999999800e-01
2.432731200674153466e-02,2.909999999999999809e-01
-2.043819240625435046e-02,2.919999999999999818e-01
7.478839620666919048e-03,2.929999999999999827e-01
-3.566636569351168407e-02,2.939999999999999836e-01
7.654251097581111531e-03,2.949999999999999845e-01
-4.045322870506960072e-02,2.959999999999999853e-01
-4.564532929996292093e-02,2.969999999999999862e-01
-4.210319761901162514e-03,2.979999999999999871e-01
-2.433588507380432878e-02,2.989999999999999880e-01
-3.164053119892250299e-02,2.999999999999999889e-01
1.447172252291807279e-02,3.009999999999999898e-01
-2.686538626660634008e-03,3.019999999999999907e-01
6.751511148926372941e-03,3.029999999999999916e-01
-2.758835488083517459e-02,3.039999999999999925e-01
3.466691890920442498e-02,3.049999999999999933e-01
-4.450191109300213888e-02,3.059999999999999942e-01
3.031168213308678069e-02,3.069999999999999951e-01
-2.285819795931510502e-03,3.079999999999999960e-01
-2.022696906982351245e-02,3.089999999999999969e-01
-9.834660512459620155e-03,3.099999999999999978e-01
3.188359966604740331e-02,3.109999999999999987e-01
-1.861806198793886438e-02,3.119999999999999996e-01
-1.525968611267260883e-02,3.130000000000000004e-01
5.647301650806432066e-02,3.140000000000000013e-01
-2.386303698740107129e-02,3.150000000000000022e-01
2.607181645705825696e-02,3.160000000000000031e-01
-1.443751695897542257e-02,3.170000000000000040e-01
-2.009142514134620167e-02,3.180000000000000049e-01
-3.676198278101382166e-02,3.190000000000000058e-01
1.209264713064984662e-02,3.200000000000000067e-01
-8.264519908061483330e-03,3.210000000000000075e-01
2.777472664103147054e-02,3.220000000000000084e-01
8.652051999813004752e-04,3.230000000000000093e-01
-3.311468937884934349e-02,3.240000000000000102e-01
7.205532500100584811e-03,3.250000000000000111e-01
6.359750848338458461e-03,3.260000000000000120e-01
7.233669105194589014e-03,3.270000000000000129e-01
-1.777998105676694904e-02,3.280000000000000138e-01
9.498571255827391313e-03,3.290000000000000147e-01
2.216227835247615784e-04,3.300000000000000155e-01
3.686403346002169179e-02,3.310000000000000164e-01
2.347846139156637216e-02,3.320000000000000173e-01
-1.430343070107175686e-02,3.330000000000000182e-01
-3.572003653606677792e-02,3.340000000000000191e-01
1.895317346708818088e-02,3.350000000000000200e-01
1.578393151900149560e-02,3.360000000000000209e-01
-4.070591819564097630e-02,3.370000000000000218e-01
-3.294641771667421171e-02,3.380000000000000226e-01
-1.226843380117991151e-03,3.390000000000000235e-01
-4.650443374709858219e-02,3.400000000000000244e-01
6.513719145343617629e-03,3.410000000000000253e-01
1.457571754748332102e-02,3.420000000000000262e-01
-5.901960316486278696e-02,3.430000000000000271e-01
-8.560473250266781298e-02,3.440000000000000280e-01
-1.714497879124308663e-02,3.450000000000000289e-01
-4.053245666747778975e-02,3.460000000000000298e-01
5.019624744533109084e-02,3.470000000000000306e-01
-1.442787391862794012e-02,3.480000000000000315e-01
3.564860438713388091e-02,3.490000000000000324e-01
-3.308013415904718924e-02,3.500000000000000333e-01
-2.653687611060908183e-02,3.510000000000000342e-01
-2.862533810360389907e-03,3.519999999999999796e-01
1.775502152902674879e-02,3.529999999999999805e-01
2.991015843932896302e-03,3.539999999999999813e-01
1.286106688257021742e-02,3.549999999999999822e-01
-4.118007410036284011e-02,3.559999999999999831e-01
-3.190855004664383543e-02,3.569999999999999840e-01
2.975643621636275479e-02,3.579999999999999849e-01
-3.651460269447266618e-03,3.589999999999999858e-01
-4.008372942788274856e-02,3.599999999999999867e-01
1.598909233956740533e-02,3.609999999999999876e-01
8.636309250317171504e-03,3.619999999999999885e-01
-3.989132291905111288e-02,3.629999999999999893e-01
3.101262596925626405e-02,3.639999999999999902e-01
6.527190495157524563e-04,3.649999999999999911e-01
-2.207716738192492395e-02,3.659999999999999920e-01
-1.448384265192136609e-02,3.669999999999999929e-01
-1.050309065045254260e-03,3.679999999999999938e-01
1.430888902650223962e-02,3.689999999999999947e-01
1.198585478075015961e-02,3.699999999999999956e-01
-3.299427474790167514e-02,3.709999999999999964e-01
4.144558472642051461e-02,3.719999999999999973e-01
2.083405016224793542e-05,3.729999999999999982e-01
1.827080032298198861e-02,3.739999999999999991e-01
8.591199202726249734e-03,3.750000000000000000e-01
-2.786186460647929047e-02,3.760000000000000009e-01
-5.076641343933160216e-02,3.770000000000000018e-01
-2.609101571362277758e-02,3.780000000000000027e-01
8.806242841583607206e-03,3.790000000000000036e-01
2.500174347862616636e-02,3.800000000000000044e-01
3.587027077703397546e-03,3.810000000000000053e-01
-6.084421137099953886e-02,3.820000000000000062e-01
-4.741195229810914874e-02,3.830000000000000071e-01
2.900493910939353978e-02,3.840000000000000080e-01
-1.614534248714217732e-02,3.850000000000000089e-01
-4.996466021685433412e-02,3.860000000000000098e-01
9.094723870802729274e-03,3.870000000000000107e-01
4.115332149432660014e-02,3.880000000000000115e-01
3.402843217750894239e-02,3.890000000000000124e-01
2.729819772195745883e-02,3.900000000000000133e-01
-3.677057575544151035e-03,3.910000000000000142e-01
1.677456102700963791e-02,3.920000000000000151e-01
1.133934085965531725e-02,3.930000000000000160e-01
-3.576233192890398288e-02,3.940000000000000169e-01
1.600684518096647663e-02,3.950000000000000178e-01
7.666842863485758691e-03,3.960000000000000187e-01
6.728631278522612114e-02,3.970000000000000195e-01
3.255470782148246062e-02,3.980000000000000204e-01
-1.333502234332023008e-02,3.990000000000000213e-01
-4.378218825754982141e-02,4.000000000000000222e-01
6.553241827257554053e-02,4.010000000000000231e-01
-4.304000642217829797e-03,4.020000000000000240e-01
-1.516810403485433119e-02,4.030000000000000249e-01
2.826564207298289111e-02,4.040000000000000258e-01
-2.515978427076503293e-02,4.050000000000000266e-01
-2.893050302880745533e-03,4.060000000000000275e-01
-2.910524488471780136e-02,4.070000000000000284e-01
3.712280033113752459e-02,4.080000000000000293e-01
5.414383571038511311e-02,4.090000000000000302e-01
3.675580177320499076e-02,4.100000000000000311e-01
1.911525667189933539e-02,4.110000000000000320e-01
-3.718531119917374561e-02,4.120000000000000329e-01
-1.015355053712160838e-02,4.130000000000000338e-01
-1.482589091225499506e-02,4.140000000000000346e-01
-1.712031263099336037e-02,4.150000000000000355e-01
6.657669857189323082e-02,4.160000000000000364e-01
9.974144684723630985e-03,4.169999999999999818e-01
4.359333472258081904e-02,4.179999999999999827e-01
-5.681019714282127542e-02,4.189999999999999836e-01
5.740742527391132569e-03,4.199999999999999845e-01
-4.979336285274184488e-03,4.209999999999999853e-01
2.395424743849601870e-02,4.219999999999999862e-01
8.527024313632848226e-03,4.229999999999999871e-01
-9.661023038527382159e-03,4.239999999999999880e-01
-1.127374667089599096e-02,4.249999999999999889e-01
-2.427068445602814303e-02,4.259999999999999898e-01
-6.028852871289892140e-03,4.269999999999999907e-01
1.288168030836130823e-02,4.279999999999999916e-01
-7.789694254311703425e-03,4.289999999999999925e-01
-1.487399968383671355e-02,4.299999999999999933e-01
2.604530845424458257e-02,4.309999999999999942e-01
1.145073124648981859e-02,4.319999999999999951e-01
-1.855402728280877364e-02,4.329999999999999960e-01
-2.556438368134442141e-02,4.339999999999999969e-01
-4.413117659402512882e-02,4.349999999999999978e-01
2.237933665024720992e-02,4.359999999999999987e-01
5.641213852071186308e-02,4.369999999999999996e-01
-1.655723634053734433e-03,4.380000000000000004e-01
-1.703588857716257024e-02,4.390000000000000013e-01
-7.384310619361282579e-03,4.400000000000000022e-01
1.189356336101753293e-02,4.410000000000000031e-01
-1.619152413655309750e-02,4.420000000000000040e-01
4.919837077112752810e-02,4.430000000000000049e-01
1.350644123727797428e-02,4.440000000000000058e-01
-1.499166717735318267e-02,4.450000000000000067e-01
-9.031878324071058312e-03,4.460000000000000075e-01
1.726575188231987967e-02,4.470000000000000084e-01
5.176469970296256051e-02,4.480000000000000093e-01
1.346111172487479040e-03,4.490000000000000102e-01
1.399061652971822674e-02,4.500000000000000111e-01
3.723155838620460963e-03,4.510000000000000120e-01
1.523086696279223745e-02,4.520000000000000129e-01
-9.075328765819546577e-04,4.530000000000000138e-01
-2.617495911651343196e-02,4.540000000000000147e-01
9.378530964617172103e-03,4.550000000000000155e-01
1.068912685544873113e-02,4.560000000000000164e-01
2.061450413349450589e-02,4.570000000000000173e-01
2.868501939274883950e-02,4.580000000000000182e-01
-6.265908141237583329e-02,4.590000000000000191e-01
-1.389096268278446934e-02,4.600000000000000200e-01
2.841071413489021369e-02,4.610000000000000209e-01
3.506055046256315033e-02,4.620000000000000218e-01
6.378035773096076520e-03,4.630000000000000226e-01
3.307284088389862015e-02,4.640000000000000235e-01
-2.732017111946867527e-02,4.650000000000000244e-01
1.093682779684350924e-02,4.660000000000000253e-01
6.204237091034042750e-02,4.670000000000000262e-01
1.501424215865082915e-02,4.680000000000000271e-01
-1.439362797561629867e-02,4.690000000000000280e-01
-6.210881079249728869e-03,4.700000000000000289e-01
1.883950333669288588e-02,4.710000000000000298e-01
-5.025290876856442455e-03,4.720000000000000306e-01
2.839011237688331482e-02,4.730000000000000315e-01
3.445063312720236803e-03,4.740000000000000324e-01
3.927612161830980331e-02,4.750000000000000333e-01
6.817150367583396653e-02,4.760000000000000342e-01
-3.441994955298566250e-02,4.770000000000000351e-01
4.544355849603651937e-02,4.780000000000000360e-01
-5.446451850643170556e-02,4.790000000000000369e-01
5.211788274577711100e-02,4.799999999999999822e-01
-3.598474909932891652e-02,4.809999999999999831e-01
-1.365684994255506046e-02,4.819999999999999840e-01
1.977333793445580634e-02,4.829999999999999849e-01
2.816538912295890595e-02,4.839999999999999858e-01
-3.450248583577249922e-02,4.849999999999999867e-01
1.893122436189812255e-02,4.859999999999999876e-01
9.681126439231871328e-02,4.869999999999999885e-01
-2.540606489499343257e-02,4.879999999999999893e-01
3.850422057615440069e-02,4.889999999999999902e-01
1.259936237931032861e-03,4.899999999999999911e-01
-3.741238462008471266e-02,4.909999999999999920e-01
4.087123954511671237e-02,4.919999999999999929e-01
3.052946784247262402e-02,4.929999999999999938e-01
1.276757621056093597e-02,4.939999999999999947e-01
-2.474208449447507993e-02,4.949999999999999956e-01
2.253176551400475763e-02,4.959999999999999964e-01
-3.545059050767764702e-02,4.969999999999999973e-01
-2.389623267231836060e-02,4.979999999999999982e-01
4.463626257506093931e-02,4.989999999999999991e-01
1.653461289151357538e-02,5.000000000000000000e-01
1.786333881369937815e-02,5.010000000000000009e-01
4.843697861958011150e-03,5.020000000000000018e-01
1.181708932308923703e-02,5.030000000000000027e-01
-3.578293297393414507e-02,5.040000000000000036e-01
1.351769434720241810e-02,5.050000000000000044e-01
5.679178693036264665e-03,5.060000000000000053e-01
9.585756052682916153e-03,5.070000000000000062e-01
5.723298231294252081e-02,5.080000000000000071e-01
2.740305783503224277e-02,5.090000000000000080e-01
3.617408774602138416e-02,5.100000000000000089e-01
-2.708974905703251737e-02,5.110000000000000098e-01
5.280873423643554082e-02,5.120000000000000107e-01
-4.244073410547818254e-02,5.130000000000000115e-01
2.481637813774409396e-02,5.140000000000000124e-01
1.629003552971164739e-02,5.150000000000000133e-01
-6.232637792993334785e-02,5.160000000000000142e-01
3.760567300566287213e-02,5.170000000000000151e-01
5.353942845620256880e-02,5.180000000000000160e-01
3.058265017964501356e-02,5.190000000000000169e-01
2.218378039241008723e-02,5.200000000000000178e-01
-1.282202816221678608e-02,5.210000000000000187e-01
1.294782032723087485e-02,5.220000000000000195e-01
3.012377277358547004e-02,5.230000000000000204e-01
-3.085098378523678034e-02,5.240000000000000213e-01
-1.853527690252429819e-02,5.250000000000000222e-01
8.872263748475707479e-02,5.260000000000000231e-01
-2.823426203601442711e-02,5.270000000000000240e-01
-1.196832500528072218e-02,5.280000000000000249e-01
-2.500530073181840215e-02,5.290000000000000258e-01
5.074564741016976410e-02,5.300000000000000266e-01
-4.417381590496807786e-02,5.310000000000000275e-01
2.771796718361428657e-02,5.320000000000000284e-01
-5.236156690983225122e-03,5.330000000000000293e-01
-6.244871047912629522e-03,5.340000000000000302e-01
4.160704608656762976e-02,5.350000000000000311e-01
2.862287769502621509e-02,5.360000000000000320e-01
4.900889153507706486e-02,5.370000000000000329e-01
-7.078941470605342075e-03,5.380000000000000338e-01
-3.183327375349079974e-02,5.390000000000000346e-01
-8.825336679888742125e-03,5.400000000000000355e-01
-5.455905579155489321e-02,5.410000000000000364e-01
-2.752672648551321780e-02,5.420000000000000373e-01
2.701976927860746253e-02,5.430000000000000382e-01
1.869003336884147992e-02,5.440000000000000391e-01
-4.414584023788618861e-02,5.450000000000000400e-01
3.372330250708540506e-03,5.460000000000000409e-01
3.187687743830575939e-03,5.470000000000000417e-01
-1.900310452186158849e-02,5.480000000000000426e-01
2.422248008594538385e-02,5.490000000000000435e-01
-1.242896393715095700e-02,5.500000000000000444e-01
-1.577717642997919847e-02,5.510000000000000453e-01
-3.161923103224235226e-02,5.520000000000000462e-01
-1.745279630112799366e-02,5.530000000000000471e-01
-5.771086417181560402e-02,5.540000000000000480e-01
2.301994374009526390e-02,5.550000000000000488e-01
-2.148465972526479584e-02,5.560000000000000497e-01
-4.625915643293462311e-03,5.570000000000000506e-01
3.144362127752646507e-02,5.580000000000000515e-01
3.706344654062369891e-04,5.590000000000000524e-01
6.601358850245432966e-03,5.600000000000000533e-01
-8.790118916876801802e-02,5.610000000000000542e-01
3.622678200752193676e-04,5.620000000000000551e-01
6.476968314818368905e-03,5.630000000000000560e-01
-1.152813028488404966e-02,5.640000000000000568e-01
-3.790941353371098371e-03,5.650000000000000577e-01
-3.108942544313720094e-02,5.660000000000000586e-01
-1.175988447150944083e-02,5.670000000000000595e-01
-2.824008160300855302e-02,5.680000000000000604e-01
1.836874535000362560e-02,5.690000000000000613e-01
1.387776715004781711e-02,5.700000000000000622e-01
5.405869026161067015e-03,5.710000000000000631e-01
5.914058138702638079e-02,5.720000000000000639e-01
9.617858479747151690e-03,5.730000000000000648e-01
4.596034006821517019e-03,5.740000000000000657e-01
-5.887813088600035716e-03,5.750000000000000666e-01
-5.449271958573247837e-02,5.760000000000000675e-01
2.757796269760879465e-02,5.769999999999999574e-01
8.509116715619343893e-03,5.779999999999999583e-01
3.598821215169216415e-04,5.789999999999999591e-01
-1.010949023679398075e-02,5.799999999999999600e-01
-3.807728469477142386e-02,5.809999999999999609e-01
2.500062799836949567e-02,5.819999999999999618e-01
1.251378903930421352e-02,5.829999999999999627e-01
2.501057676340062014e-02,5.839999999999999636e-01
-1.652503775016737030e-03,5.849999999999999645e-01
4.124944804599620096e-02,5.859999999999999654e-01
9.878438355147171890e-03,5.869999999999999662e-01
5.986994888740369836e-02,5.879999999999999671e-01
-5.473788042274532750e-02,5.889999999999999680e-01
-7.082909005096642285e-02,5.899999999999999689e-01
-2.461994798816051835e-03,5.909999999999999698e-01
2.891037935478183232e-02,5.919999999999999707e-01
4.452829545666136396e-02,5.929999999999999716e-01
2.066781793678077253e-02,5.939999999999999725e-01
-5.658326684619755659e-02,5.949999999999999734e-01
-2.397803887754019689e-02,5.959999999999999742e-01
2.542061663583455172e-02,5.969999999999999751e-01
-6.779976491185953080e-03,5.979999999999999760e-01
5.298020513976028911e-02,5.989999999999999769e-01
-2.978046261073090048e-02,5.999999999999999778e-01
3.261443736631554347e-02,6.009999999999999787e-01
7.520824910399763474e-02,6.019999999999999796e-01
3.177641788798826750e-02,6.029999999999999805e-01
-4.538382124642178356e-02,6.039999999999999813e-01
1.831613225505742890e-02,6.049999999999999822e-01
1.754874693109698472e-02,6.059999999999999831e-01
-6.115566564114378878e-02,6.069999999999999840e-01
-1.082818247799908172e-02,6.079999999999999849e-01
6.115673490283318574e-03,6.089999999999999858e-01
-9.392042374813915767e-03,6.099999999999999867e-01
-1.888687091457857785e-03,6.109999999999999876e-01
-3.443894866360844298e-02,6.119999999999999885e-01
-2.828371305096850918e-02,6.129999999999999893e-01
-7.285732908058535628e-02,6.139999999999999902e-01
1.680608485850902320e-02,6.149999999999999911e-01
5.101227830880471041e-03,6.159999999999999920e-01
-9.895371297706420308e-03,6.169999999999999929e-01
-6.448389989649343929e-03,6.179999999999999938e-01
3.045199282070574012e-02,6.189999999999999947e-01
-3.517544578038184905e-02,6.199999999999999956e-01
6.193910038383675098e-04,6.209999999999999964e-01
1.063580800453175351e-02,6.219999999999999973e-01
4.720821445871452998e-02,6.229999999999999982e-01
-4.630154442235622642e-02,6.239999999999999991e-01
4.847060933393378818e-02,6.250000000000000000e-01
3.091790168923185672e-02,6.260000000000000009e-01
-3.399576666822192589e-02,6.270000000000000018e-01
-1.680008287210215182e-02,6.280000000000000027e-01
-2.066013508604471957e-02,6.290000000000000036e-01
4.535263916706525067e-02,6.300000000000000044e-01
-3.214700548193713536e-02,6.310000000000000053e-01
-3.656555587530275347e-02,6.320000000000000062e-01
-1.874186270623909994e-02,6.330000000000000071e-01
8.350828196209246490e-02,6.340000000000000080e-01
8.683381336430597355e-03,6.350000000000000089e-01
-1.582848211650150078e-02,6.360000000000000098e-01
1.917256214459932967e-02,6.370000000000000107e-01
-4.853602360443971114e-02,6.380000000000000115e-01
3.946537307836289060e-02,6.390000000000000124e-01
-5.684303297548578583e-03,6.400000000000000133e-01
1.517728655687325488e-03,6.410000000000000142e-01
-5.320519646212378863e-03,6.420000000000000151e-01
6.536000232337786653e-02,6.430000000000000160e-01
-4.102707584804263924e-02,6.440000000000000169e-01
4.619164934244161672e-04,6.450000000000000178e-01
-3.856019450655312486e-02,6.460000000000000187e-01
-1.251984101425591620e-02,6.470000000000000195e-01
2.161552412510301530e-02,6.480000000000000204e-01
1.696221529753722587e-03,6.490000000000000213e-01
2.280018711765778236e-02,6.500000000000000222e-01
-9.042958551489945970e-03,6.510000000000000231e-01
3.696076792363800489e-02,6.520000000000000240e-01
6.344776713097531606e-02,6.530000000000000249e-01
5.403905291462563626e-02,6.540000000000000258e-01
2.708533876634441548e-02,6.550000000000000266e-01
-1.004437362264008586e-02,6.560000000000000275e-01
6.478052045906446815e-03,6.570000000000000284e-01
-3.198735538908014514e-02,6.580000000000000293e-01
9.697713868662938275e-02,6.590000000000000302e-01
7.312111144802976512e-03,6.600000000000000311e-01
1.955015969374953450e-02,6.610000000000000320e-01
-2.158498113102057595e-02,6.620000000000000329e-01
2.534475957490908357e-02,6.630000000000000338e-01
-2.194810133709803462e-02,6.640000000000000346e-01
4.853785059615107339e-02,6.650000000000000355e-01
-1.988764670997002909e-02,6.660000000000000364e-01
3.594900494694156651e-02,6.670000000000000373e-01
-3.658216596407058013e-02,6.680000000000000382e-01
-2.223135233978602160e-02,6.690000000000000391e-01
3.761429681496751987e-03,6.700000000000000400e-01
2.794407469297508027e-03,6.710000000000000409e-01
6.255822879573018358e-02,6.720000000000000417e-01
2.057003462974117680e-02,6.730000000000000426e-01
3.204179392081615146e-02,6.740000000000000435e-01
-3.376835656773117395e-02,6.750000000000000444e-01
3.074977643569003910e-02,6.760000000000000453e-01
-2.071919935430645981e-02,6.770000000000000462e-01
9.065252007557032463e-03,6.780000000000000471e-01
-3.964316202422712293e-02,6.790000000000000480e-01
-4.202272046483637724e-02,6.800000000000000488e-01
-1.206891089918139988e-02,6.810000000000000497e-01
-2.414683041772778746e-02,6.820000000000000506e-01
-2.730676967589766926e-02,6.830000000000000515e-01
6.103762373047784406e-02,6.840000000000000524e-01
2.114326371807804302e-03,6.850000000000000533e-01
-3.077050279368219107e-02,6.860000000000000542e-01
-3.078133798954234626e-02,6.870000000000000551e-01
3.271600032196108482e-02,6.880000000000000560e-01
-2.034751171074241499e-02,6.890000000000000568e-01
-7.787612982273310613e-02,6.900000000000000577e-01
9.179867745901104312e-03,6.910000000000000586e-01
-2.456357697056972197e-02,6.920000000000000595e-01
-1.368594025328826770e-02,6.930000000000000604e-01
6.888061217504301559e-02,6.940000000000000613e-01
-2.585239608071556588e-02,6.950000000000000622e-01
6.104980925429457327e-03,6.960000000000000631e-01
2.117418659335313508e-02,6.970000000000000639e-01
-2.068083136659439741e-02,6.980000000000000648e-01
-5.100131958126635778e-02,6.990000000000000657e-01
-1.288581104409286526e-02,7.000000000000000666e-01
-2.215930300919995849e-02,7.010000000000000675e-01
-1.046923357827054743e-02,7.020000000000000684e-01
2.749940982807709197e-02,7.030000000000000693e-01
-6.635959262145989246e-03,7.039999999999999591e-01
2.075462388896822177e-02,7.049999999999999600e-01
2.101720522065230259e-02,7.059999999999999609e-01
2.381257772374050646e-02,7.069999999999999618e-01
2.997323123178773085e-02,7.079999999999999627e-01
-3.641781137201362262e-02,7.089999999999999636e-01
-2.643703408039709685e-02,7.099999999999999645e-01
3.066769620346696218e-04,7.109999999999999654e-01
-3.022506719835773778e-02,7.119999999999999662e-01
4.387865061212566781e-02,7.129999999999999671e-01
-4.696120069399890157e-02,7.139999999999999680e-01
3.143649845579132157e-02,7.149999999999999689e-01
6.123205335215198102e-03,7.159999999999999698e-01
-1.688220757580311459e-03,7.169999999999999707e-01
3.814349669422630040e-02,7.179999999999999716e-01
-3.815811968731591675e-02,7.189999999999999725e-01
2.084389185351060575e-02,7.199999999999999734e-01
5.932770056543044263e-02,7.209999999999999742e-01
-2.567500669671108834e-02,7.219999999999999751e-01
9.058281757726776781e-03,7.229999999999999760e-01
4.820638208544842339e-03,7.239999999999999769e-01
-1.343004210415846104e-02,7.249999999999999778e-01
-1.092868201229696065e-02,7.259999999999999787e-01
7.090997134489887034e-03,7.269999999999999796e-01
1.716736739209282978e-02,7.279999999999999805e-01
3.809015797613467258e-02,7.289999999999999813e-01
8.562433920993721762e-03,7.299999999999999822e-01
4.746650677059780464e-03,7.309999999999999831e-01
3.502515805857980835e-02,7.319999999999999840e-01
7.830464611387501911e-03,7.329999999999999849e-01
5.892297888266503914e-02,7.339999999999999858e-01
8.252830540032996681e-03,7.349999999999999867e-01
-6.262339476325576651e-03,7.359999999999999876e-01
-2.573414257098046581e-02,7.369999999999999885e-01
-3.334411332880747505e-03,7.379999999999999893e-01
7.387077254588487150e-03,7.389999999999999902e-01
3.313116506968155628e-02,7.399999999999999911e-01
4.896575672315674893e-02,7.409999999999999920e-01
2.046015147385714383e-02,7.419999999999999929e-01
2.889332562751302860e-02,7.429999999999999938e-01
-2.043257282303440753e-03,7.439999999999999947e-01
-5.761497186439228828e-04,7.449999999999999956e-01
-3.099650168079159246e-02,7.459999999999999964e-01
-6.886149093996693504e-02,7.469999999999999973e-01
-4.060943994085925574e-02,7.479999999999999982e-01
4.058843201897218561e-02,7.489999999999999991e-01
1.900860425774857088e-02,7.500000000000000000e-01
3.605479895919665861e-02,7.510000000000000009e-01
1.223076738746898054e-02,7.520000000000000018e-01
-2.225432007252668015e-02,7.530000000000000027e-01
2.753657545280624105e-02,7.540000000000000036e-01
5.825918910716124284e-03,7.550000000000000044e-01
-1.480566824124786469e-02,7.560000000000000053e-01
1.116401691066104540e-02,7.570000000000000062e-01
3.403250430366849388e-03,7.580000000000000071e-01
2.481872188567911704e-04,7.590000000000000080e-01
-2.137334532191116285e-02,7.600000000000000089e-01
-1.998898469122587299e-02,7.610000000000000098e-01
-8.856406193098368502e-04,7.620000000000000107e-01
-1.883975493537169699e-02,7.630000000000000115e-01
2.663128015670065615e-02,7.640000000000000124e-01
1.689714090460218629e-02,7.650000000000000133e-01
4.921433252751810511e-02,7.660000000000000142e-01
1.492641749250565690e-02,7.670000000000000151e-01
2.210791794397858057e-02,7.680000000000000160e-01
4.334290375493510261e-02,7.690000000000000169e-01
4.339061399196683481e-03,7.700000000000000178e-01
6.367956822411756368e-02,7.710000000000000187e-01
3.088599202440383065e-02,7.720000000000000195e-01
6.402377529226242585e-03,7.730000000000000204e-01
-7.609112827126470087e-03,7.740000000000000213e-01
-6.892575864454795684e-03,7.750000000000000222e-01
-4.622295027524835065e-02,7.760000000000000231e-01
2.896477696877000629e-02,7.770000000000000240e-01
-7.000185303404691042e-03,7.780000000000000249e-01
-1.284745489351564983e-02,7.790000000000000258e-01
-6.643822269716782511e-03,7.800000000000000266e-01
4.561079323959681131e-02,7.810000000000000275e-01
6.299770073671574766e-02,7.820000000000000284e-01
-1.632169800265104859e-02,7.830000000000000293e-01
1.166640774028098078e-02,7.840000000000000302e-01
-1.023754297986437245e-02,7.850000000000000311e-01
5.676290712545193490e-03,7.860000000000000320e-01
5.618189051747335405e-02,7.870000000000000329e-01
5.204003509026047802e-02,7.880000000000000338e-01
-1.684509383395651691e-02,7.890000000000000346e-01
3.437892825896093907e-02,7.900000000000000355e-01
3.921189036111907139e-02,7.910000000000000364e-01
-1.851655037300450890e-02,7.920000000000000373e-01
2.169962029491072017e-02,7.930000000000000382e-01
-2.704430734923796500e-02,7.940000000000000391e-01
2.972947170606702119e-02,7.950000000000000400e-01
-3.465720463001899926e-02,7.960000000000000409e-01
-1.749946180620633174e-02,7.970000000000000417e-01
1.862764283314320669e-04,7.980000000000000426e-01
-1.178792697361691691e-02,7.990000000000000435e-01
-6.624959794459285567e-02,8.000000000000000444e-01
1.464021755569731680e-02,8.010000000000000453e-01
-4.307712220701073041e-02,8.020000000000000462e-01
3.681824913295698304e-02,8.030000000000000471e-01
-3.694271641759958730e-02,8.040000000000000480e-01
5.924559527743194359e-02,8.050000000000000488e-01
3.171137622797111366e-02,8.060000000000000497e-01
2.116301155885701168e-02,8.070000000000000506e-01
-1.221624367414959195e-02,8.080000000000000515e-01
4.889034932724478644e-02,8.090000000000000524e-01
-5.275099563945454678e-02,8.100000000000000533e-01
-2.782630009169882387e-02,8.110000000000000542e-01
5.062624567200904591e-02,8.120000000000000551e-01
2.467044803238450934e-02,8.130000000000000560e-01
-3.821538397240559215e-03,8.140000000000000568e-01
-1.398625795238605390e-02,8.150000000000000577e-01
-1.243527308390631955e-02,8.160000000000000586e-01
-2.436618849890437657e-02,8.170000000000000595e-01
2.353717316248492286e-02,8.180000000000000604e-01
-2.581768772381972093e-03,8.190000000000000613e-01
3.392130734737704156e-02,8.200000000000000622e-01
3.579509773935008604e-02,8.210000000000000631e-01
-4.432987752843652214e-03,8.220000000000000639e-01
3.199445395534473296e-02,8.230000000000000648e-01
2.013400170262798564e-02,8.240000000000000657e-01
-1.150357368337157245e-02,8.250000000000000666e-01
-2.158370284263250692e-03,8.260000000000000675e-01
9.120186306150111083e-03,8.270000000000000684e-01
1.697294312020296639e-02,8.280000000000000693e-01
1.698652827364866350e-02,8.290000000000000702e-01
-2.807841895418333733e-02,8.300000000000000711e-01
1.949997525366535512e-04,8.310000000000000719e-01
-3.764687338502262226e-02,8.320000000000000728e-01
-6.177059279172771727e-02,8.329999999999999627e-01
-4.415061774285442692e-02,8.339999999999999636e-01
5.539839421058487950e-03,8.349999999999999645e-01
4.035372814360730503e-03,8.359999999999999654e-01
-9.912149970198813956e-03,8.369999999999999662e-01
7.135775918970305902e-04,8.379999999999999671e-01
-2.546926092411109371e-02,8.389999999999999680e-01
-6.431198329254100843e-02,8.399999999999999689e-01
6.099845218910958378e-02,8.409999999999999698e-01
-4.287248360264810099e-02,8.419999999999999707e-01
-3.097931246974008901e-02,8.429999999999999716e-01
-3.712227176744800020e-03,8.439999999999999725e-01
-1.874470065656824377e-02,8.449999999999999734e-01
2.148530617042548538e-02,8.459999999999999742e-01
-1.100784768345464300e-02,8.469999999999999751e-01
-6.775875072633047447e-02,8.479999999999999760e-01
2.101205408148310375e-02,8.489999999999999769e-01
-2.727390516398949319e-03,8.499999999999999778e-01
1.856959005873237353e-02,8.509999999999999787e-01
1.955443653683687499e-02,8.519999999999999796e-01
-4.315853765827432770e-02,8.529999999999999805e-01
-6.347358811155360755e-03,8.539999999999999813e-01
-7.904644268730802101e-03,8.549999999999999822e-01
-4.583350524762894174e-02,8.559999999999999831e-01
2.227256670202111544e-02,8.569999999999999840e-01
3.508853318574162161e-02,8.579999999999999849e-01
3.469954905824935271e-04,8.589999999999999858e-01
-3.940086239797049861e-02,8.599999999999999867e-01
-1.213877480811755352e-03,8.609999999999999876e-01
4.051701430841859325e-02,8.619999999999999885e-01
2.224651413975500119e-02,8.629999999999999893e-01
3.591251911502771343e-02,8.639999999999999902e-01
1.125044934662632404e-02,8.649999999999999911e-01
9.587379568741017863e-03,8.659999999999999920e-01
1.200067646143985860e-02,8.669999999999999929e-01
-5.071938362666260358e-02,8.679999999999999938e-01
-2.659406288428754067e-02,8.689999999999999947e-01
-2.254640711213149254e-02,8.699999999999999956e-01
-6.392037740783451660e-02,8.709999999999999964e-01
4.569880570835374752e-03,8.719999999999999973e-01
-2.288498249256379780e-03,8.729999999999999982e-01
2.151912544509883285e-02,8.739999999999999991e-01
-4.588892598185179833e-02,8.750000000000000000e-01
3.458983875510181910e-02,8.760000000000000009e-01
-1.614438275543519236e-02,8.770000000000000018e-01
1.351217335496751257e-02,8.780000000000000027e-01
-5.248624210157955272e-02,8.790000000000000036e-01
-1.775205834780478262e-02,8.800000000000000044e-01
3.521107818119463551e-02,8.810000000000000053e-01
-7.093947672720812836e-03,8.820000000000000062e-01
1.567691414356316149e-02,8.830000000000000071e-01
5.243758305654096924e-02,8.840000000000000080e-01
-8.488500606010498245e-03,8.850000000000000089e-01
4.459109985953318284e-02,8.860000000000000098e-01
-3.315837030310811451e-02,8.870000000000000107e-01
-5.884582345199645265e-02,8.880000000000000115e-01
2.785133121962782635e-02,8.890000000000000124e-01
-7.765284897056425571e-03,8.900000000000000133e-01
-3.221278994324065781e-02,8.910000000000000142e-01
2.555301743303114645e-02,8.920000000000000151e-01
-2.304244023377461856e-02,8.930000000000000160e-01
8.088630571664258764e-03,8.940000000000000169e-01
-5.743633146177450077e-02,8.950000000000000178e-01
5.375748312491849396e-02,8.960000000000000187e-01
-6.610676707984773637e-02,8.970000000000000195e-01
2.367451668654160096e-02,8.980000000000000204e-01
6.785592081049074409e-02,8.990000000000000213e-01
9.458381144156154108e-03,9.000000000000000222e-01
1.340488366696624946e-05,9.010000000000000231e-01
2.199070635200603072e-03,9.020000000000000240e-01
-7.000133244201380001e-03,9.030000000000000249e-01
-7.056161827291432265e-02,9.040000000000000258e-01
4.612726806549760292e-03,9.050000000000000266e-01
-3.549185900926411091e-02,9.060000000000000275e-01
-2.132004121327055537e-02,9.070000000000000284e-01
3.254819482112349116e-02,9.080000000000000293e-01
-1.155898116535675028e-02,9.090000000000000302e-01
6.441110142042223360e-03,9.100000000000000311e-01
-5.549734120334062770e-02,9.110000000000000320e-01
-3.898612892852586914e-02,9.120000000000000329e-01
3.094411736835599169e-02,9.130000000000000338e-01
3.898010831961871980e-02,9.140000000000000346e-01
-1.604481565688876260e-02,9.150000000000000355e-01
-3.659781544537724779e-02,9.160000000000000364e-01
3.062981866778287030e-02,9.170000000000000373e-01
-5.522075908343986386e-03,9.180000000000000382e-01
1.502255218330927899e-02,9.190000000000000391e-01
8.001069889198674304e-03,9.200000000000000400e-01
-4.454647877012223034e-02,9.210000000000000409e-01
-1.300020913494026424e-02,9.220000000000000417e-01
-1.455994776215422358e-02,9.230000000000000426e-01
1.283410984593074712e-02,9.240000000000000435e-01
1.104739425790189460e-02,9.250000000000000444e-01
-7.029455184436521342e-02,9.260000000000000453e-01
-2.784842151511464359e-02,9.270000000000000462e-01
-7.502087388633027834e-03,9.280000000000000471e-01
4.474457457623769174e-02,9.290000000000000480e-01
4.678699618146375805e-02,9.300000000000000488e-01
3.167536010903116567e-02,9.310000000000000497e-01
1.780824916523447363e-02,9.320000000000000506e-01
-3.508423951372028563e-03,9.330000000000000515e-01
1.043498724320361670e-02,9.340000000000000524e-01
-1.948402570226447431e-02,9.350000000000000533e-01
-1.915519080061456325e-02,9.360000000000000542e-01
1.869813071015204858e-02,9.370000000000000551e-01
-2.470220539820078276e-02,9.380000000000000560e-01
-1.166325932950525385e-03,9.390000000000000568e-01
-2.350048992191887225e-03,9.400000000000000577e-01
-4.174493331444701499e-02,9.410000000000000586e-01
1.417715278604021571e-02,9.420000000000000595e-01
1.636007867586448949e-02,9.430000000000000604e-01
3.632207546876522510e-03,9.440000000000000613e-01
4.408434132012120643e-02,9.450000000000000622e-01
-3.346638442251000101e-02,9.460000000000000631e-01
-4.798301434384316319e-03,9.470000000000000639e-01
-7.392335937568105496e-03,9.480000000000000648e-01
-3.176499253504870557e-02,9.490000000000000657e-01
-5.475558409758481127e-02,9.500000000000000666e-01
4.147430995749157995e-02,9.510000000000000675e-01
4.913218894065233405e-02,9.520000000000000684e-01
5.991769036704147622e-02,9.530000000000000693e-01
-3.017088330262702404e-03,9.540000000000000702e-01
4.807836423101247841e-02,9.550000000000000711e-01
-6.784265587221974259e-02,9.560000000000000719e-01
2.361785323704049255e-02,9.570000000000000728e-01
1.441441246799098942e-02,9.580000000000000737e-01
3.663278402189491800e-02,9.590000000000000746e-01
5.285405268787508708e-03,9.599999999999999645e-01
1.783188756610976089e-02,9.609999999999999654e-01
-1.943190680368414233e-02,9.619999999999999662e-01
2.891770404579788525e-02,9.629999999999999671e-01
5.309143873512063572e-03,9.639999999999999680e-01
-3.592486597085298855e-02,9.649999999999999689e-01
-8.185971558235849432e-02,9.659999999999999698e-01
4.465741510379445112e-02,9.669999999999999707e-01
3.820609445429387803e-03,9.679999999999999716e-01
1.550339433788289374e-02,9.689999999999999725e-01
2.444639724615856047e-02,9.699999999999999734e-01
2.200288050775518756e-02,9.709999999999999742e-01
-1.967509355785056549e-02,9.719999999999999751e-01
2.785402669102897411e-02,9.729999999999999760e-01
-5.138074895187104418e-02,9.739999999999999769e-01
-5.691490139391035263e-02,9.749999999999999778e-01
-1.719055595761642338e-02,9.759999999999999787e-01
4.274380345122572034e-02,9.769999999999999796e-01
1.213968669842076416e-02,9.779999999999999805e-01
-7.193775968460384279e-03,9.789999999999999813e-01
3.614290881390820609e-02,9.799999999999999822e-01
3.740803464272480366e-02,9.809999999999999831e-01
-2.305860128192830857e-02,9.819999999999999840e-01
7.608047716070639142e-03,9.829999999999999849e-01
8.244368223328388950e-03,9.839999999999999858e-01
-1.528534412149444056e-02,9.849999999999999867e-01
1.563021186378191554e-02,9.859999999999999876e-01
2.210103161271338365e-02,9.869999999999999885e-01
-1.571005350228283151e-02,9.879999999999999893e-01
2.042168645312868874e-02,9.889999999999999902e-01
2.776724411030027581e-02,9.899999999999999911e-01
1.025275182789189138e-03,9.909999999999999920e-01
2.752715639130913538e-04,9.919999999999999929e-01
-1.808927282821443799e-02,9.929999999999999938e-01
-3.034683698864589635e-02,9.939999999999999947e-01
-8.546422364633663241e-03,9.949999999999999956e-01
4.139227338758523500e-02,9.959999999999999964e-01
1.381592164566182619e-02,9.969999999999999973e-01
-9.404423219895141454e-04,9.979999999999999982e-01
6.935657787120022393e-03,9.989999999999999991e-01
9.630785042537910040e-03,1.000000000000000000e+00
