0.000000000000000000e+00,0.000000000000000000e+00
1.214781531501700571e-03,1.000000000000000021e-03
1.073288821662156216e-03,2.000000000000000042e-03
2.405617526891027855e-03,3.000000000000000062e-03
4.583730469509361780e-04,4.000000000000000083e-03
-2.148007148778274160e-04,5.000000000000000104e-03
-7.644834818086998626e-04,6.000000000000000125e-03
-7.803837824899380240e-04,7.000000000000000146e-03
8.947068385298313949e-04,8.000000000000000167e-03
-4.786987023261927033e-04,9.000000000000001055e-03
-6.052916066214200771e-04,1.000000000000000021e-02
-1.622966174812464518e-04,1.099999999999999936e-02
4.238858191857943782e-04,1.200000000000000025e-02
-7.215081337584932156e-03,1.300000000000000114e-02
-7.652468993739169889e-03,1.400000000000000029e-02
-8.757896989782873107e-03,1.499999999999999944e-02
-1.010730407597853521e-02,1.600000000000000033e-02
-1.069265291397714958e-02,1.700000000000000122e-02
-1.088890667832185383e-02,1.800000000000000211e-02
-9.375085452397393868e-03,1.899999999999999953e-02
1.538056391537114855e-02,2.000000000000000042e-02
1.612589640755458797e-02,2.100000000000000130e-02
1.672955034854924777e-02,2.199999999999999872e-02
1.576973778171342211e-02,2.299999999999999961e-02
1.541851950380417405e-02,2.400000000000000050e-02
1.557754304151239347e-02,2.500000000000000139e-02
1.625984897625555245e-02,2.600000000000000228e-02
1.691832123748205144e-02,2.699999999999999969e-02
1.717938366465885519e-02,2.800000000000000058e-02
1.531808519686326392e-02,2.900000000000000147e-02
1.817956680187098745e-02,2.999999999999999889e-02
9.783706090359294352e-03,3.099999999999999978e-02
1.045906298320388797e-02,3.200000000000000067e-02
9.902386698852396960e-03,3.300000000000000155e-02
9.297578548847228869e-03,3.400000000000000244e-02
8.763795909290857458e-03,3.500000000000000333e-02
9.435223731587992838e-03,3.600000000000000422e-02
6.364448153653870857e-03,3.699999999999999817e-02
8.196487535385496917e-03,3.799999999999999906e-02
1.050564762055261787e-02,3.899999999999999994e-02
1.204501833336783095e-02,4.000000000000000083e-02
8.964846139943850184e-03,4.100000000000000172e-02
8.868426985573987439e-03,4.200000000000000261e-02
3.864944801600593560e-03,4.300000000000000350e-02
4.659853809053888379e-03,4.399999999999999745e-02
8.747072994805257101e-03,4.499999999999999833e-02
8.569918058386222226e-03,4.599999999999999922e-02
8.127272264594620141e-03,4.700000000000000011e-02
5.712376032506930219e-03,4.800000000000000100e-02
7.226236097479102512e-03,4.900000000000000189e-02
-1.080540861195808736e-02,5.000000000000000278e-02
-1.081400103582111881e-02,5.100000000000000366e-02
-9.833003430266766542e-03,5.200000000000000455e-02
-1.052792355140938323e-02,5.299999999999999850e-02
-1.058694102706677319e-02,5.399999999999999939e-02
-1.062443569010872169e-02,5.500000000000000028e-02
-1.377440097115570361e-02,5.600000000000000117e-02
-1.371468271353442313e-02,5.700000000000000205e-02
-1.448522236683825147e-02,5.800000000000000294e-02
-1.349965988376255165e-02,5.900000000000000383e-02
-2.663628423550023008e-02,5.999999999999999778e-02
-2.335531932601404848e-02,6.099999999999999867e-02
-2.071046442912728713e-02,6.199999999999999956e-02
-2.101435784682952057e-02,6.300000000000000044e-02
-2.048673406243918180e-02,6.400000000000000133e-02
-1.591212833024680320e-02,6.500000000000000222e-02
-1.469150662053770283e-02,6.600000000000000311e-02
-1.499885326675732232e-02,6.700000000000000400e-02
-1.538062981582621197e-02,6.800000000000000488e-02
-1.526857992613233315e-02,6.900000000000000577e-02
-1.401043803248089997e-02,7.000000000000000666e-02
-1.454524631168247970e-02,7.100000000000000755e-02
-1.457702489428349887e-02,7.200000000000000844e-02
-1.198661793104715753e-02,7.299999999999999545e-02
-1.167198701420221231e-02,7.399999999999999634e-02
-4.528933403387016242e-03,7.499999999999999722e-02
-4.327752604239854146e-03,7.599999999999999811e-02
-6.749958642111376569e-03,7.699999999999999900e-02
-5.570770409900353305e-03,7.799999999999999989e-02
-4.966790765937263707e-03,7.900000000000000078e-02
-5.167016390512353327e-03,8.000000000000000167e-02
-4.610440777690925050e-03,8.100000000000000255e-02
-4.529737353197505791e-03,8.200000000000000344e-02
-5.038944015414078929e-03,8.300000000000000433e-02
-2.382663973385734657e-02,8.400000000000000522e-02
-2.417059790590537355e-02,8.500000000000000611e-02
-2.371202248474115967e-02,8.600000000000000699e-02
-2.200070923912209389e-02,8.700000000000000788e-02
-2.256436817674306594e-02,8.799999999999999489e-02
-2.211353495372043315e-02,8.899999999999999578e-02
-2.226736638995575196e-02,8.999999999999999667e-02
-2.696087558904784048e-02,9.099999999999999756e-02
-2.750633612096117092e-02,9.199999999999999845e-02
-2.188740788753400918e-02,9.299999999999999933e-02
-2.253560667796299100e-02,9.400000000000000022e-02
-2.212475630154529804e-02,9.500000000000000111e-02
-2.055834407512210568e-02,9.600000000000000200e-02
-1.951201724180866293e-02,9.700000000000000289e-02
-1.984759643513844818e-02,9.800000000000000377e-02
-1.978439661870531538e-02,9.900000000000000466e-02
-1.957941061873912786e-02,1.000000000000000056e-01
-1.917358428422091463e-02,1.010000000000000064e-01
-1.952287249067655509e-02,1.020000000000000073e-01
-2.058524940611542245e-02,1.030000000000000082e-01
-1.854593439722160286e-02,1.040000000000000091e-01
-1.918129669303561199e-02,1.049999999999999961e-01
-1.865847120204303447e-02,1.059999999999999970e-01
-1.877493641199325103e-02,1.069999999999999979e-01
-1.631530666339676625e-02,1.079999999999999988e-01
-1.541802428174155609e-02,1.089999999999999997e-01
-1.728041069233410970e-02,1.100000000000000006e-01
3.232218489861918981e-02,1.110000000000000014e-01
3.090508809077365318e-02,1.120000000000000023e-01
3.415510622396777246e-02,1.130000000000000032e-01
3.400931368098879248e-02,1.140000000000000041e-01
3.332381582873096548e-02,1.150000000000000050e-01
3.385554028769378193e-02,1.160000000000000059e-01
2.962833809618208719e-02,1.170000000000000068e-01
3.035113518388354512e-02,1.180000000000000077e-01
3.161172317128396053e-02,1.190000000000000085e-01
3.073376017706033400e-02,1.199999999999999956e-01
3.212841135586057273e-02,1.209999999999999964e-01
3.021269408379354676e-02,1.219999999999999973e-01
3.070653134159768635e-02,1.229999999999999982e-01
3.116214988334012684e-02,1.239999999999999991e-01
3.258731587192590512e-02,1.250000000000000000e-01
3.276172780859039346e-02,1.260000000000000009e-01
3.257808696630372369e-02,1.270000000000000018e-01
3.550494224986718711e-02,1.280000000000000027e-01
3.583189242060585283e-02,1.290000000000000036e-01
3.709503470873401487e-02,1.300000000000000044e-01
3.422809125084857323e-02,1.310000000000000053e-01
3.440224040581724846e-02,1.320000000000000062e-01
3.364154445371169561e-02,1.330000000000000071e-01
6.341017533587790800e-02,1.340000000000000080e-01
6.628038047676045041e-02,1.350000000000000089e-01
6.604775657092815111e-02,1.360000000000000098e-01
6.592176592688636649e-02,1.370000000000000107e-01
6.601684380801643715e-02,1.380000000000000115e-01
6.687974786737642396e-02,1.390000000000000124e-01
6.328652224482814170e-02,1.400000000000000133e-01
6.285542038726946168e-02,1.410000000000000142e-01
6.164628319164333625e-02,1.420000000000000151e-01
9.700764061012927264e-02,1.430000000000000160e-01
9.706437916179322389e-02,1.440000000000000169e-01
1.030491011870569712e-01,1.449999999999999900e-01
1.027100303635795631e-01,1.459999999999999909e-01
1.031036468531855432e-01,1.469999999999999918e-01
1.032008245090551002e-01,1.479999999999999927e-01
1.031640946965697442e-01,1.489999999999999936e-01
1.046139978986029700e-01,1.499999999999999944e-01
1.050108790685212734e-01,1.509999999999999953e-01
1.048550932322871720e-01,1.519999999999999962e-01
1.045084964028919067e-01,1.529999999999999971e-01
1.095757926226643697e-01,1.539999999999999980e-01
1.021956435399926366e-01,1.549999999999999989e-01
1.025482334271330953e-01,1.559999999999999998e-01
1.006304642299377383e-01,1.570000000000000007e-01
9.724748541071098762e-02,1.580000000000000016e-01
9.653635232788015941e-02,1.590000000000000024e-01
9.718545177160821391e-02,1.600000000000000033e-01
9.738095401283287933e-02,1.610000000000000042e-01
9.714800914768906281e-02,1.620000000000000051e-01
9.920894759222440018e-02,1.630000000000000060e-01
1.008732244991984023e-01,1.640000000000000069e-01
1.030260291437875425e-01,1.650000000000000078e-01
1.011635721078682076e-01,1.660000000000000087e-01
1.019770464186163239e-01,1.670000000000000095e-01
1.019845792931187850e-01,1.680000000000000104e-01
1.040732837926010013e-01,1.690000000000000113e-01
1.037406768569285043e-01,1.700000000000000122e-01
1.030107633808580031e-01,1.710000000000000131e-01
1.033835302094092551e-01,1.720000000000000140e-01
9.983877790284628739e-02,1.730000000000000149e-01
9.989301698326832901e-02,1.740000000000000158e-01
1.012563895452358864e-01,1.750000000000000167e-01
8.903411136275925231e-02,1.759999999999999898e-01
8.961762280583322748e-02,1.769999999999999907e-01
9.211897686988936018e-02,1.779999999999999916e-01
9.506406358266865364e-02,1.789999999999999925e-01
9.503406099615360758e-02,1.799999999999999933e-01
8.868975281335043925e-02,1.809999999999999942e-01
9.123252691383476609e-02,1.819999999999999951e-01
5.466821816729182382e-02,1.829999999999999960e-01
5.413670240439208414e-02,1.839999999999999969e-01
5.250253877552497894e-02,1.849999999999999978e-01
5.098938153220922836e-02,1.859999999999999987e-01
5.135553359308184240e-02,1.869999999999999996e-01
5.157369603107954392e-02,1.880000000000000004e-01
5.318733210033133735e-02,1.890000000000000013e-01
5.318058878681664048e-02,1.900000000000000022e-01
5.330368522855249980e-02,1.910000000000000031e-01
5.436978568146598467e-02,1.920000000000000040e-01
5.299180603013585455e-02,1.930000000000000049e-01
5.440499666518461980e-02,1.940000000000000058e-01
5.424021673982255820e-02,1.950000000000000067e-01
5.598192891924336917e-02,1.960000000000000075e-01
5.931265985628474124e-02,1.970000000000000084e-01
5.477797200264991617e-02,1.980000000000000093e-01
4.976099200130709721e-02,1.990000000000000102e-01
4.883337644091342855e-02,2.000000000000000111e-01
4.828949078400716910e-02,2.010000000000000120e-01
5.016715022303016441e-02,2.020000000000000129e-01
5.159912129040253315e-02,2.030000000000000138e-01
5.018063140216716400e-02,2.040000000000000147e-01
5.020818578473509874e-02,2.050000000000000155e-01
4.763979916920874080e-02,2.060000000000000164e-01
4.729311166375241987e-02,2.070000000000000173e-01
4.854571460267085442e-02,2.080000000000000182e-01
4.936763030870116448e-02,2.089999999999999913e-01
5.296628175875746358e-02,2.099999999999999922e-01
5.266718130093597100e-02,2.109999999999999931e-01
5.263780292738085703e-02,2.119999999999999940e-01
5.490328407781126796e-02,2.129999999999999949e-01
5.491507697421479234e-02,2.139999999999999958e-01
5.623772241864653104e-02,2.149999999999999967e-01
5.634190597657019739e-02,2.159999999999999976e-01
5.673296947780656629e-02,2.169999999999999984e-01
5.714575562302153661e-02,2.179999999999999993e-01
5.704544204186450668e-02,2.190000000000000002e-01
5.649342664489157700e-02,2.200000000000000011e-01
5.661694484161944319e-02,2.210000000000000020e-01
5.647770222097983628e-02,2.220000000000000029e-01
5.574857913879562726e-02,2.230000000000000038e-01
5.732651629892140249e-02,2.240000000000000047e-01
1.729341125214670094e-02,2.250000000000000056e-01
1.754470245386443791e-02,2.260000000000000064e-01
1.835760299358436820e-02,2.270000000000000073e-01
2.095107736269748167e-02,2.280000000000000082e-01
2.146391759224601861e-02,2.290000000000000091e-01
2.185921888446848080e-02,2.300000000000000100e-01
2.218884183632709520e-02,2.310000000000000109e-01
1.981290499899391461e-02,2.320000000000000118e-01
3.128117677661428064e-02,2.330000000000000127e-01
3.074514211689278326e-02,2.340000000000000135e-01
3.250503281384283655e-02,2.350000000000000144e-01
2.915820837260941004e-02,2.360000000000000153e-01
2.890755516078530665e-02,2.370000000000000162e-01
2.913762264523672707e-02,2.380000000000000171e-01
1.015586797410770459e-01,2.390000000000000180e-01
1.012501377299286215e-01,2.399999999999999911e-01
1.002401042232746869e-01,2.409999999999999920e-01
9.780730947765441108e-02,2.419999999999999929e-01
8.648119592606205719e-02,2.429999999999999938e-01
8.555700625841076989e-02,2.439999999999999947e-01
8.560865451386966141e-02,2.449999999999999956e-01
8.738798752413949600e-02,2.459999999999999964e-01
9.718933117770778285e-02,2.469999999999999973e-01
9.636260925950396183e-02,2.479999999999999982e-01
9.596792237269131942e-02,2.489999999999999991e-01
9.543618685311897054e-02,2.500000000000000000e-01
9.843378839542132885e-02,2.510000000000000009e-01
1.006546542225024848e-01,2.520000000000000018e-01
9.844101741500975444e-02,2.530000000000000027e-01
9.846638550590106065e-02,2.540000000000000036e-01
1.006364163509723686e-01,2.550000000000000044e-01
1.014624431002804084e-01,2.560000000000000053e-01
9.683512111268921529e-02,2.570000000000000062e-01
9.735271475963103160e-02,2.580000000000000071e-01
1.002894269152073831e-01,2.590000000000000080e-01
1.002257744650325022e-01,2.600000000000000089e-01
1.000177510475250414e-01,2.610000000000000098e-01
1.003274195972722743e-01,2.620000000000000107e-01
1.007080090313166032e-01,2.630000000000000115e-01
1.002552686987213532e-01,2.640000000000000124e-01
1.001710925774794009e-01,2.650000000000000133e-01
9.918112720242042157e-02,2.660000000000000142e-01
1.036129996858195096e-01,2.670000000000000151e-01
1.037674263909360850e-01,2.680000000000000160e-01
1.036899352291844045e-01,2.690000000000000169e-01
1.028002135605831924e-01,2.700000000000000178e-01
1.017480871517336821e-01,2.710000000000000187e-01
1.019418572599592177e-01,2.720000000000000195e-01
1.044342864467057291e-01,2.730000000000000204e-01
1.072689583973693989e-01,2.740000000000000213e-01
1.072207145144787183e-01,2.750000000000000222e-01
1.076111782099811037e-01,2.760000000000000231e-01
1.083307361836775978e-01,2.770000000000000240e-01
1.083032966774259837e-01,2.780000000000000249e-01
1.089345870670223176e-01,2.790000000000000258e-01
1.085318327403406863e-01,2.800000000000000266e-01
1.096430154008522090e-01,2.810000000000000275e-01
1.121072223150552244e-01,2.820000000000000284e-01
1.123908629045498181e-01,2.830000000000000293e-01
1.120774640190553284e-01,2.840000000000000302e-01
1.117092931051128363e-01,2.850000000000000311e-01
1.124254823548037074e-01,2.860000000000000320e-01
1.150829254831829268e-01,2.870000000000000329e-01
1.150202201204011676e-01,2.880000000000000338e-01
1.165842762924150511e-01,2.889999999999999791e-01
1.158267343359194040e-01,2.899999999999999800e-01
1.169933049638832295e-01,2.909999999999999809e-01
1.168860690554081316e-01,2.919999999999999818e-01
1.168778041088766873e-01,2.929999999999999827e-01
1.171141994145146747e-01,2.939999999999999836e-01
1.172622696101868339e-01,2.949999999999999845e-01
1.171943667361069752e-01,2.959999999999999853e-01
1.159410997962112555e-01,2.969999999999999862e-01
1.158831387626971521e-01,2.979999999999999871e-01
1.154894169156297085e-01,2.989999999999999880e-01
1.141115714755285698e-01,2.999999999999999889e-01
1.156598871370412840e-01,3.009999999999999898e-01
1.141626478883428913e-01,3.019999999999999907e-01
1.137523075993904509e-01,3.029999999999999916e-01
1.139732126402686757e-01,3.039999999999999925e-01
1.138698814471513082e-01,3.049999999999999933e-01
1.143103015059100530e-01,3.059999999999999942e-01
1.143244350720691305e-01,3.069999999999999951e-01
1.124727721197301550e-01,3.079999999999999960e-01
1.128896681703639299e-01,3.089999999999999969e-01
1.203030119597185837e-01,3.099999999999999978e-01
1.218404694046264364e-01,3.109999999999999987e-01
1.245152007964732271e-01,3.119999999999999996e-01
1.245827525147156223e-01,3.130000000000000004e-01
1.252517280931412513e-01,3.140000000000000013e-01
1.248046765364046601e-01,3.150000000000000022e-01
1.212569574338118461e-01,3.160000000000000031e-01
1.226356190464874818e-01,3.170000000000000040e-01
1.297647867663472288e-01,3.180000000000000049e-01
1.297689469261593675e-01,3.190000000000000058e-01
1.290334640056742255e-01,3.200000000000000067e-01
1.284689351548692071e-01,3.210000000000000075e-01
1.280949954599329699e-01,3.220000000000000084e-01
1.297158549153168694e-01,3.230000000000000093e-01
1.300899772206190741e-01,3.240000000000000102e-01
1.301147690337261797e-01,3.250000000000000111e-01
1.306138733856290757e-01,3.260000000000000120e-01
1.296797089353408927e-01,3.270000000000000129e-01
1.303820328345483004e-01,3.280000000000000138e-01
1.297827210189642366e-01,3.290000000000000147e-01
1.298614696596494811e-01,3.300000000000000155e-01
1.150537916828984486e-01,3.310000000000000164e-01
1.689481386716631672e-01,3.320000000000000173e-01
1.690594898676947844e-01,3.330000000000000182e-01
1.690496694151142620e-01,3.340000000000000191e-01
1.689705856910242998e-01,3.350000000000000200e-01
1.696539743755071383e-01,3.360000000000000209e-01
4.387004591880504512e-01,3.370000000000000218e-01
4.386105018336758921e-01,3.380000000000000226e-01
4.394805769223398828e-01,3.390000000000000235e-01
4.395747286788701524e-01,3.400000000000000244e-01
5.739085017857142867e-01,3.410000000000000253e-01
5.736450038402205465e-01,3.420000000000000262e-01
5.742696878412010264e-01,3.430000000000000271e-01
5.768630149870471735e-01,3.440000000000000280e-01
5.766643174776812097e-01,3.450000000000000289e-01
5.770429504796391607e-01,3.460000000000000298e-01
5.772221130479610052e-01,3.470000000000000306e-01
5.759165930911063214e-01,3.480000000000000315e-01
5.734267092912144204e-01,3.490000000000000324e-01
5.737843162778066830e-01,3.500000000000000333e-01
5.749555037738072194e-01,3.510000000000000342e-01
5.748643292702417806e-01,3.519999999999999796e-01
5.753275051868728118e-01,3.529999999999999805e-01
5.750340835594166533e-01,3.539999999999999813e-01
5.748354907648198786e-01,3.549999999999999822e-01
5.778336883848310679e-01,3.559999999999999831e-01
5.774161686969758733e-01,3.569999999999999840e-01
5.795886817859939866e-01,3.579999999999999849e-01
5.743399732666678581e-01,3.589999999999999858e-01
5.743077817500279458e-01,3.599999999999999867e-01
5.707438229939455487e-01,3.609999999999999876e-01
5.707043058681746661e-01,3.619999999999999885e-01
5.704630508045959170e-01,3.629999999999999893e-01
5.703747171156006157e-01,3.639999999999999902e-01
5.703962899479972926e-01,3.649999999999999911e-01
5.727393091261115954e-01,3.659999999999999920e-01
6.226359475761199525e-01,3.669999999999999929e-01
6.231135394775820791e-01,3.679999999999999938e-01
6.234440395001152879e-01,3.689999999999999947e-01
6.235130489218644323e-01,3.699999999999999956e-01
6.223862111401238240e-01,3.709999999999999964e-01
6.221550400470013953e-01,3.719999999999999973e-01
6.218359550277954284e-01,3.729999999999999982e-01
6.217537020727443853e-01,3.739999999999999991e-01
6.221322052527138435e-01,3.750000000000000000e-01
6.159754721472361361e-01,3.760000000000000009e-01
6.146530636758726907e-01,3.770000000000000018e-01
6.144131170127605790e-01,3.780000000000000027e-01
6.146062858054173184e-01,3.790000000000000036e-01
6.138382592369929780e-01,3.800000000000000044e-01
6.138844914628940330e-01,3.810000000000000053e-01
6.150530162077316731e-01,3.820000000000000062e-01
6.115945954831160103e-01,3.830000000000000071e-01
6.110113270616125414e-01,3.840000000000000080e-01
5.558879071679989625e-01,3.850000000000000089e-01
5.523805253254682190e-01,3.860000000000000098e-01
5.533499448357298567e-01,3.870000000000000107e-01
5.510841208181411766e-01,3.880000000000000115e-01
5.508344370358564390e-01,3.890000000000000124e-01
5.495618123366868835e-01,3.900000000000000133e-01
5.480787007475589334e-01,3.910000000000000142e-01
5.460728138953845345e-01,3.920000000000000151e-01
5.450502868976084825e-01,3.930000000000000160e-01
5.449504256954450510e-01,3.940000000000000169e-01
5.443666353733781493e-01,3.950000000000000178e-01
6.393170026901205949e-01,3.960000000000000187e-01
6.395766719025459679e-01,3.970000000000000195e-01
6.398677946636492919e-01,3.980000000000000204e-01
6.401231613639196683e-01,3.990000000000000213e-01
6.394875016143563018e-01,4.000000000000000222e-01
6.367143432131018299e-01,4.010000000000000231e-01
6.367343852617485256e-01,4.020000000000000240e-01
6.355085151287281908e-01,4.030000000000000249e-01
6.375748846326307895e-01,4.040000000000000258e-01
6.398352634536123018e-01,4.050000000000000266e-01
6.422636114678759167e-01,4.060000000000000275e-01
6.418158635374069387e-01,4.070000000000000284e-01
6.433437569691847768e-01,4.080000000000000293e-01
6.454402092914200972e-01,4.090000000000000302e-01
6.446348513895534538e-01,4.100000000000000311e-01
6.463869241914802499e-01,4.110000000000000320e-01
6.481114801791324487e-01,4.120000000000000329e-01
6.459629615047143281e-01,4.130000000000000338e-01
6.451633780966559151e-01,4.140000000000000346e-01
6.855987799644960301e-01,4.150000000000000355e-01
6.811660317661296649e-01,4.160000000000000364e-01
6.810443192950650371e-01,4.169999999999999818e-01
6.787646981799826396e-01,4.179999999999999827e-01
6.889736065959304323e-01,4.189999999999999836e-01
6.884725066999556331e-01,4.199999999999999845e-01
6.882074918540632691e-01,4.209999999999999853e-01
6.874320484960734223e-01,4.219999999999999862e-01
6.951003683839453995e-01,4.229999999999999871e-01
6.962295447612140142e-01,4.239999999999999880e-01
5.743934224274190870e-01,4.249999999999999889e-01
5.750331930671541691e-01,4.259999999999999898e-01
5.739236055141604398e-01,4.269999999999999907e-01
5.739878351798461953e-01,4.279999999999999916e-01
5.745276725859689293e-01,4.289999999999999925e-01
5.747700119249533612e-01,4.299999999999999933e-01
5.738021688649411756e-01,4.309999999999999942e-01
5.779463692560331545e-01,4.319999999999999951e-01
5.788403101920859273e-01,4.329999999999999960e-01
5.783088922899702888e-01,4.339999999999999969e-01
5.784897548982980142e-01,4.349999999999999978e-01
5.794651026866756149e-01,4.359999999999999987e-01
5.787294896572126035e-01,4.369999999999999996e-01
5.795500313419903460e-01,4.380000000000000004e-01
5.796907470307015586e-01,4.390000000000000013e-01
5.799285837496377383e-01,4.400000000000000022e-01
5.848230082789541706e-01,4.410000000000000031e-01
5.846421266299797193e-01,4.420000000000000040e-01
5.845664685765274982e-01,4.430000000000000049e-01
5.840166634543489943e-01,4.440000000000000058e-01
5.828066286253004158e-01,4.450000000000000067e-01
5.823529024658469222e-01,4.460000000000000075e-01
5.828509467212303896e-01,4.470000000000000084e-01
5.850489555490030469e-01,4.480000000000000093e-01
5.848453573939778050e-01,4.490000000000000102e-01
5.834355740936220114e-01,4.500000000000000111e-01
5.835629248809814928e-01,4.510000000000000120e-01
5.841125068205998971e-01,4.520000000000000129e-01
5.843957973172503317e-01,4.530000000000000138e-01
5.898568276583471270e-01,4.540000000000000147e-01
5.896020930805899729e-01,4.550000000000000155e-01
5.895880197675595902e-01,4.560000000000000164e-01
5.896398523613504139e-01,4.570000000000000173e-01
5.901596221503492279e-01,4.580000000000000182e-01
5.904012241653042725e-01,4.590000000000000191e-01
5.924064216791958826e-01,4.600000000000000200e-01
5.945941845699054262e-01,4.610000000000000209e-01
5.925409645807317993e-01,4.620000000000000218e-01
6.080921276371422657e-01,4.630000000000000226e-01
6.079368060943208807e-01,4.640000000000000235e-01
6.087680325778176416e-01,4.650000000000000244e-01
6.177912638179694493e-01,4.660000000000000253e-01
6.170750262988847767e-01,4.670000000000000262e-01
6.164193411882963325e-01,4.680000000000000271e-01
6.171256875638444495e-01,4.690000000000000280e-01
6.171815039698708150e-01,4.700000000000000289e-01
6.153540150445366841e-01,4.710000000000000298e-01
6.157508982737242009e-01,4.720000000000000306e-01
6.158619338255550968e-01,4.730000000000000315e-01
6.160224039059647438e-01,4.740000000000000324e-01
6.172301840213398894e-01,4.750000000000000333e-01
6.171162848025114611e-01,4.760000000000000342e-01
6.160536467902646418e-01,4.770000000000000351e-01
6.151699390537482826e-01,4.780000000000000360e-01
6.149649430787064164e-01,4.790000000000000369e-01
6.158085520652393230e-01,4.799999999999999822e-01
6.172946757934921758e-01,4.809999999999999831e-01
6.169166140353462557e-01,4.819999999999999840e-01
6.149007477277428357e-01,4.829999999999999849e-01
6.165232282147635745e-01,4.839999999999999858e-01
6.170098197559031883e-01,4.849999999999999867e-01
6.168452625357732089e-01,4.859999999999999876e-01
6.164238456054457194e-01,4.869999999999999885e-01
6.243914938599577358e-01,4.879999999999999893e-01
6.245398059851846595e-01,4.889999999999999902e-01
6.247736033871051919e-01,4.899999999999999911e-01
6.240082011838410381e-01,4.909999999999999920e-01
6.247439446836936527e-01,4.919999999999999929e-01
6.256869503179625092e-01,4.929999999999999938e-01
6.270271182135610522e-01,4.939999999999999947e-01
6.266158989544415858e-01,4.949999999999999956e-01
6.272849363885076857e-01,4.959999999999999964e-01
6.236678572492192485e-01,4.969999999999999973e-01
6.261022343820034086e-01,4.979999999999999982e-01
6.245595905213806587e-01,4.989999999999999991e-01
6.232843005049442109e-01,5.000000000000000000e-01
6.243022949815195677e-01,5.010000000000000009e-01
6.216426616311516717e-01,5.020000000000000018e-01
6.261706131975834921e-01,5.030000000000000027e-01
6.257314470408311680e-01,5.040000000000000036e-01
6.229807263388612570e-01,5.050000000000000044e-01
6.230544206052088807e-01,5.060000000000000053e-01
6.291532461825687372e-01,5.070000000000000062e-01
6.284708449596069224e-01,5.080000000000000071e-01
6.287259505451551211e-01,5.090000000000000080e-01
6.299841115586468643e-01,5.100000000000000089e-01
6.291374507878420008e-01,5.110000000000000098e-01
6.293408517874524710e-01,5.120000000000000107e-01
6.272631442293769011e-01,5.130000000000000115e-01
6.243230985403122046e-01,5.140000000000000124e-01
6.294767326266320628e-01,5.150000000000000133e-01
6.291519401347664964e-01,5.160000000000000142e-01
7.588958925517419463e-01,5.170000000000000151e-01
7.585946024435020751e-01,5.180000000000000160e-01
7.579283774726393030e-01,5.190000000000000169e-01
7.584411350236529570e-01,5.200000000000000178e-01
7.582285358165637978e-01,5.210000000000000187e-01
7.579740137853578918e-01,5.220000000000000195e-01
7.579613035717766012e-01,5.230000000000000204e-01
7.586256974513095885e-01,5.240000000000000213e-01
7.580831520278393798e-01,5.250000000000000222e-01
7.628440497230550843e-01,5.260000000000000231e-01
7.830094609312506782e-01,5.270000000000000240e-01
7.893662923961406452e-01,5.280000000000000249e-01
7.881686344595235649e-01,5.290000000000000258e-01
7.871764572708203067e-01,5.300000000000000266e-01
7.875856650072938780e-01,5.310000000000000275e-01
2.197816160485066561e+00,5.320000000000000284e-01
2.198162359966984170e+00,5.330000000000000293e-01
2.198194028770285247e+00,5.340000000000000302e-01
2.199873512481894444e+00,5.350000000000000311e-01
2.198236513642389145e+00,5.360000000000000320e-01
2.197533607536706235e+00,5.370000000000000329e-01
2.211225769934257013e+00,5.380000000000000338e-01
2.211283558469967048e+00,5.390000000000000346e-01
2.210373041262116978e+00,5.400000000000000355e-01
2.210570391903195375e+00,5.410000000000000364e-01
2.211135046105879187e+00,5.420000000000000373e-01
2.197980300975892032e+00,5.430000000000000382e-01
2.197568301212195152e+00,5.440000000000000391e-01
2.196748749754524166e+00,5.450000000000000400e-01
2.213027710695728345e+00,5.460000000000000409e-01
2.211672547919994791e+00,5.470000000000000417e-01
2.211690122843205319e+00,5.480000000000000426e-01
2.212183577348304286e+00,5.490000000000000435e-01
2.211768087933051685e+00,5.500000000000000444e-01
2.210495603440161716e+00,5.510000000000000453e-01
2.207212909713075710e+00,5.520000000000000462e-01
2.207398234403192383e+00,5.530000000000000471e-01
2.206980470711308762e+00,5.540000000000000480e-01
2.206938650789101786e+00,5.550000000000000488e-01
2.205226144430362023e+00,5.560000000000000497e-01
2.205777747426763025e+00,5.570000000000000506e-01
2.204866966008237394e+00,5.580000000000000515e-01
2.205478534202771623e+00,5.590000000000000524e-01
2.202935881398532025e+00,5.600000000000000533e-01
2.205134108011437277e+00,5.610000000000000542e-01
2.207115970129813309e+00,5.620000000000000551e-01
2.205914457494343228e+00,5.630000000000000560e-01
2.205215507789776819e+00,5.640000000000000568e-01
2.206221773408759024e+00,5.650000000000000577e-01
2.203531306382490396e+00,5.660000000000000586e-01
2.204006448808847995e+00,5.670000000000000595e-01
2.204071629078606431e+00,5.680000000000000604e-01
2.202166100270182447e+00,5.690000000000000613e-01
2.203061186011309847e+00,5.700000000000000622e-01
2.203588602811535235e+00,5.710000000000000631e-01
2.180663724573310702e+00,5.720000000000000639e-01
2.180390503493586429e+00,5.730000000000000648e-01
2.180349351700557659e+00,5.740000000000000657e-01
2.180032003773566096e+00,5.750000000000000666e-01
2.179490957804806950e+00,5.760000000000000675e-01
2.177396262363076040e+00,5.769999999999999574e-01
2.177875106223860158e+00,5.779999999999999583e-01
2.179074650099446675e+00,5.789999999999999591e-01
2.182622082406818542e+00,5.799999999999999600e-01
2.182092192949093512e+00,5.809999999999999609e-01
2.184576201368933823e+00,5.819999999999999618e-01
2.184587896027240461e+00,5.829999999999999627e-01
2.183382676483075269e+00,5.839999999999999636e-01
2.183737130038519769e+00,5.849999999999999645e-01
2.184420626978325064e+00,5.859999999999999654e-01
2.184443881751423344e+00,5.869999999999999662e-01
2.190384161561977905e+00,5.879999999999999671e-01
2.190877569814684289e+00,5.889999999999999680e-01
2.192655978245062531e+00,5.899999999999999689e-01
2.194346298781808091e+00,5.909999999999999698e-01
2.193723453360073794e+00,5.919999999999999707e-01
2.193863196442686458e+00,5.929999999999999716e-01
2.193114835426469345e+00,5.939999999999999725e-01
2.193333921061597191e+00,5.949999999999999734e-01
2.193222189657529242e+00,5.959999999999999742e-01
2.194921360170159375e+00,5.969999999999999751e-01
2.195272405704940422e+00,5.979999999999999760e-01
2.197716639868292798e+00,5.989999999999999769e-01
2.196944076611200725e+00,5.999999999999999778e-01
2.196679851172459230e+00,6.009999999999999787e-01
2.199708610403393383e+00,6.019999999999999796e-01
2.201677041346905117e+00,6.029999999999999805e-01
2.200715066587715096e+00,6.039999999999999813e-01
2.201350422119417782e+00,6.049999999999999822e-01
2.202905439562619971e+00,6.059999999999999831e-01
2.203772490163930176e+00,6.069999999999999840e-01
2.204088481096979635e+00,6.079999999999999849e-01
2.204941823004417323e+00,6.089999999999999858e-01
2.205485059743536258e+00,6.099999999999999867e-01
2.214926807733722303e+00,6.109999999999999876e-01
2.215319898398066201e+00,6.119999999999999885e-01
2.218414557740973958e+00,6.129999999999999893e-01
2.219214016070372608e+00,6.139999999999999902e-01
2.219240559365299958e+00,6.149999999999999911e-01
2.219539812041201099e+00,6.159999999999999920e-01
2.219896379104045803e+00,6.169999999999999929e-01
2.222575725126427759e+00,6.179999999999999938e-01
2.230224511986088398e+00,6.189999999999999947e-01
2.230284609575535981e+00,6.199999999999999956e-01
2.230467654106690567e+00,6.209999999999999964e-01
2.230254649609166417e+00,6.219999999999999973e-01
2.229492214654126947e+00,6.229999999999999982e-01
2.227647661625819620e+00,6.239999999999999991e-01
2.234780140088326927e+00,6.250000000000000000e-01
2.235519093507248201e+00,6.260000000000000009e-01
2.237303467167103488e+00,6.270000000000000018e-01
2.235412284612143363e+00,6.280000000000000027e-01
2.234973925790003868e+00,6.290000000000000036e-01
2.235549738001460618e+00,6.300000000000000044e-01
2.237600481336993408e+00,6.310000000000000053e-01
2.237687124531721139e+00,6.320000000000000062e-01
2.237982544785944494e+00,6.330000000000000071e-01
2.235108139760913382e+00,6.340000000000000080e-01
2.234086043032291524e+00,6.350000000000000089e-01
2.232968876924330992e+00,6.360000000000000098e-01
2.233585303105887210e+00,6.370000000000000107e-01
2.233786217355541392e+00,6.380000000000000115e-01
2.233474289711908867e+00,6.390000000000000124e-01
2.234019319807462267e+00,6.400000000000000133e-01
2.232334885238190569e+00,6.410000000000000142e-01
2.232681190232094881e+00,6.420000000000000151e-01
2.232862111962354845e+00,6.430000000000000160e-01
2.232094503237390004e+00,6.440000000000000169e-01
2.230693256960999182e+00,6.450000000000000178e-01
2.231589391363384411e+00,6.460000000000000187e-01
2.231742915384975490e+00,6.470000000000000195e-01
2.221826528404733825e+00,6.480000000000000204e-01
2.218630691613410644e+00,6.490000000000000213e-01
2.216255871738717964e+00,6.500000000000000222e-01
2.211834774943210125e+00,6.510000000000000231e-01
2.213466873100847110e+00,6.520000000000000240e-01
2.213435825496660847e+00,6.530000000000000249e-01
2.213497141734246387e+00,6.540000000000000258e-01
2.213242374979141669e+00,6.550000000000000266e-01
2.212523819081181120e+00,6.560000000000000275e-01
2.215167885313743312e+00,6.570000000000000284e-01
2.214659858679306481e+00,6.580000000000000293e-01
2.238973693561513656e+00,6.590000000000000302e-01
2.239164273172387531e+00,6.600000000000000311e-01
2.239867934427463680e+00,6.610000000000000320e-01
2.244039358157209563e+00,6.620000000000000329e-01
2.243019604403425848e+00,6.630000000000000338e-01
2.240351452618512429e+00,6.640000000000000346e-01
2.239762514105589908e+00,6.650000000000000355e-01
2.239502829098138026e+00,6.660000000000000364e-01
2.239345830293207662e+00,6.670000000000000373e-01
2.331035002254930433e+00,6.680000000000000382e-01
2.330603206140171135e+00,6.690000000000000391e-01
2.358587118057677401e+00,6.700000000000000400e-01
2.357840842379320900e+00,6.710000000000000409e-01
2.356785655738232066e+00,6.720000000000000417e-01
2.356894510339923254e+00,6.730000000000000426e-01
2.353105065557254960e+00,6.740000000000000435e-01
2.353067930488586867e+00,6.750000000000000444e-01
2.353679379789018977e+00,6.760000000000000453e-01
2.349852716141573872e+00,6.770000000000000462e-01
2.349946708792883587e+00,6.780000000000000471e-01
2.349705037664940210e+00,6.790000000000000480e-01
2.348890739748835887e+00,6.800000000000000488e-01
2.348879101236923006e+00,6.810000000000000497e-01
2.326881995039790763e+00,6.820000000000000506e-01
2.325500703603751163e+00,6.830000000000000515e-01
3.001760641301304933e+00,6.840000000000000524e-01
3.016237365684477645e+00,6.850000000000000533e-01
3.016988334053061660e+00,6.860000000000000542e-01
3.017053964921356801e+00,6.870000000000000551e-01
3.015624360305224627e+00,6.880000000000000560e-01
3.014653152367568811e+00,6.890000000000000568e-01
3.014885217864876399e+00,6.900000000000000577e-01
3.014362777392121551e+00,6.910000000000000586e-01
3.014681508516678043e+00,6.920000000000000595e-01
3.014659302205900726e+00,6.930000000000000604e-01
3.016206448604381585e+00,6.940000000000000613e-01
3.015299245934361050e+00,6.950000000000000622e-01
3.015512443268414167e+00,6.960000000000000631e-01
3.015378347483934185e+00,6.970000000000000639e-01
3.014046747995698716e+00,6.980000000000000648e-01
3.013296461778187663e+00,6.990000000000000657e-01
3.010013853290721020e+00,7.000000000000000666e-01
3.008472768275172182e+00,7.010000000000000675e-01
3.008354037084153276e+00,7.020000000000000684e-01
3.005868675370086063e+00,7.030000000000000693e-01
3.005685010438809979e+00,7.039999999999999591e-01
3.006485715169156858e+00,7.049999999999999600e-01
3.006359937538914284e+00,7.059999999999999609e-01
3.006395542357251038e+00,7.069999999999999618e-01
3.006617323510469397e+00,7.079999999999999627e-01
3.006847634246669454e+00,7.089999999999999636e-01
3.006859316140912952e+00,7.099999999999999645e-01
3.004154907750328896e+00,7.109999999999999654e-01
2.997101525932114541e+00,7.119999999999999662e-01
2.997079649134737345e+00,7.129999999999999671e-01
2.999426048338567963e+00,7.139999999999999680e-01
2.996867103882622452e+00,7.149999999999999689e-01
2.996678933374065323e+00,7.159999999999999698e-01
2.996220510649330482e+00,7.169999999999999707e-01
2.996191636127836677e+00,7.179999999999999716e-01
2.989021999051846290e+00,7.189999999999999725e-01
2.988435559178686862e+00,7.199999999999999734e-01
2.988918887718564843e+00,7.209999999999999742e-01
2.986957321271365817e+00,7.219999999999999751e-01
2.985884325754847968e+00,7.229999999999999760e-01
2.985484221140205285e+00,7.239999999999999769e-01
2.986090668305825258e+00,7.249999999999999778e-01
2.987535548241639471e+00,7.259999999999999787e-01
2.988489748038825056e+00,7.269999999999999796e-01
2.988659001937280291e+00,7.279999999999999805e-01
2.988861367898371757e+00,7.289999999999999813e-01
2.988789198986321338e+00,7.299999999999999822e-01
2.989802228049501132e+00,7.309999999999999831e-01
2.992300408531383127e+00,7.319999999999999840e-01
2.991442854268740348e+00,7.329999999999999849e-01
2.990820030483083869e+00,7.339999999999999858e-01
2.991788874904189655e+00,7.349999999999999867e-01
2.990383218670408905e+00,7.359999999999999876e-01
2.990086483540583373e+00,7.369999999999999885e-01
2.990417544622799184e+00,7.379999999999999893e-01
2.990479857870659508e+00,7.389999999999999902e-01
2.990436689213404442e+00,7.399999999999999911e-01
2.991453200666812862e+00,7.409999999999999920e-01
2.991006003468578367e+00,7.419999999999999929e-01
2.990584232966618128e+00,7.429999999999999938e-01
2.986181492884017796e+00,7.439999999999999947e-01
2.985315843209667808e+00,7.449999999999999956e-01
2.984688411183843204e+00,7.459999999999999964e-01
2.984617870894713754e+00,7.469999999999999973e-01
2.984094816578022336e+00,7.479999999999999982e-01
2.982200855849573173e+00,7.489999999999999991e-01
2.971485763370616429e+00,7.500000000000000000e-01
2.970801255759264681e+00,7.510000000000000009e-01
2.970529499051255407e+00,7.520000000000000018e-01
2.975282642558511270e+00,7.530000000000000027e-01
2.976880839747583885e+00,7.540000000000000036e-01
2.966368860778833216e+00,7.550000000000000044e-01
2.965151730378005723e+00,7.560000000000000053e-01
2.964100713927694031e+00,7.570000000000000062e-01
2.963615955624281373e+00,7.580000000000000071e-01
2.964031241851306842e+00,7.590000000000000080e-01
2.964245897522317374e+00,7.600000000000000089e-01
2.963135118037366844e+00,7.610000000000000098e-01
2.958986827850318413e+00,7.620000000000000107e-01
2.958727965697955931e+00,7.630000000000000115e-01
2.958344853522061335e+00,7.640000000000000124e-01
2.958606553158805497e+00,7.650000000000000133e-01
2.955772535872214224e+00,7.660000000000000142e-01
2.963014341339603952e+00,7.670000000000000151e-01
2.962666838882540343e+00,7.680000000000000160e-01
2.962487742317975847e+00,7.690000000000000169e-01
2.964493905921298911e+00,7.700000000000000178e-01
2.965808175444864414e+00,7.710000000000000187e-01
2.966192954288211947e+00,7.720000000000000195e-01
2.966315594244649301e+00,7.730000000000000204e-01
2.965538261625569216e+00,7.740000000000000213e-01
2.965995687588449670e+00,7.750000000000000222e-01
2.965052355948274432e+00,7.760000000000000231e-01
2.965440283224098472e+00,7.770000000000000240e-01
2.614401682682779615e+00,7.780000000000000249e-01
2.616867104191402227e+00,7.790000000000000258e-01
2.616254177483769094e+00,7.800000000000000266e-01
2.615611078805322620e+00,7.810000000000000275e-01
2.615215196701311307e+00,7.820000000000000284e-01
2.613492078177702460e+00,7.830000000000000293e-01
2.613161171862391718e+00,7.840000000000000302e-01
2.611426106476380404e+00,7.850000000000000311e-01
2.609579433794308123e+00,7.860000000000000320e-01
2.609849672508284701e+00,7.870000000000000329e-01
2.609058641137440571e+00,7.880000000000000338e-01
2.609163891121693446e+00,7.890000000000000346e-01
2.611831588350899569e+00,7.900000000000000355e-01
2.611851250446958872e+00,7.910000000000000364e-01
2.611185974326481585e+00,7.920000000000000373e-01
2.612872681101627403e+00,7.930000000000000382e-01
2.617390831159199571e+00,7.940000000000000391e-01
2.619338925270590313e+00,7.950000000000000400e-01
2.618896767353241284e+00,7.960000000000000409e-01
2.618762002747179185e+00,7.970000000000000417e-01
2.619738207997605706e+00,7.980000000000000426e-01
2.619480118805466606e+00,7.990000000000000435e-01
2.618814085732114272e+00,8.000000000000000444e-01
2.628692487140176670e+00,8.010000000000000453e-01
2.627660677092664709e+00,8.020000000000000462e-01
2.626889414396645250e+00,8.030000000000000471e-01
2.627294181310352972e+00,8.040000000000000480e-01
2.627202224606220771e+00,8.050000000000000488e-01
2.627820949160412312e+00,8.060000000000000497e-01
2.627929219748381673e+00,8.070000000000000506e-01
2.628015586534321102e+00,8.080000000000000515e-01
2.625373044386111410e+00,8.090000000000000524e-01
2.625367926804292651e+00,8.100000000000000533e-01
2.624324764364763585e+00,8.110000000000000542e-01
2.624998653388277869e+00,8.120000000000000551e-01
2.624408033775087912e+00,8.130000000000000560e-01
2.628216895872117487e+00,8.140000000000000568e-01
2.627444140643250936e+00,8.150000000000000577e-01
2.627245443821916826e+00,8.160000000000000586e-01
2.626900355707734835e+00,8.170000000000000595e-01
2.626742802842399360e+00,8.180000000000000604e-01
2.626844613646933446e+00,8.190000000000000613e-01
2.626244506661203904e+00,8.200000000000000622e-01
2.626795246095180669e+00,8.210000000000000631e-01
2.625289134949487124e+00,8.220000000000000639e-01
2.624438073909568292e+00,8.230000000000000648e-01
2.624301843250363309e+00,8.240000000000000657e-01
2.624402616271874322e+00,8.250000000000000666e-01
2.630313262149075015e+00,8.260000000000000675e-01
2.631485003946755441e+00,8.270000000000000684e-01
2.630753076802140100e+00,8.280000000000000693e-01
2.633353625462024006e+00,8.290000000000000702e-01
2.633573039528217752e+00,8.300000000000000711e-01
2.632734216307141217e+00,8.310000000000000719e-01
2.632281970975489216e+00,8.320000000000000728e-01
2.632064272949468986e+00,8.329999999999999627e-01
2.631987734909366328e+00,8.339999999999999636e-01
2.633869270229257875e+00,8.349999999999999645e-01
2.633746665002941079e+00,8.359999999999999654e-01
2.634732157757416537e+00,8.369999999999999662e-01
2.634593870338038268e+00,8.379999999999999671e-01
2.635490055276906940e+00,8.389999999999999680e-01
2.625956305091841969e+00,8.399999999999999689e-01
2.615777535244104168e+00,8.409999999999999698e-01
2.616228767201643102e+00,8.419999999999999707e-01
2.616568963354329647e+00,8.429999999999999716e-01
2.615220041686289409e+00,8.439999999999999725e-01
2.616000139694647952e+00,8.449999999999999734e-01
2.615477921412679763e+00,8.459999999999999742e-01
2.615494958024187078e+00,8.469999999999999751e-01
2.617698527012166210e+00,8.479999999999999760e-01
2.623753184642527270e+00,8.489999999999999769e-01
2.624240235855727743e+00,8.499999999999999778e-01
2.626910940011351059e+00,8.509999999999999787e-01
2.628090409677208417e+00,8.519999999999999796e-01
2.627648369038226406e+00,8.529999999999999805e-01
2.631043124603287264e+00,8.539999999999999813e-01
2.629509203335586243e+00,8.549999999999999822e-01
2.633305276440738307e+00,8.559999999999999831e-01
2.634888569428458727e+00,8.569999999999999840e-01
2.634589119360663645e+00,8.579999999999999849e-01
2.634773388998453481e+00,8.589999999999999858e-01
2.635031622657924011e+00,8.599999999999999867e-01
2.630239094785448373e+00,8.609999999999999876e-01
2.616885521031411699e+00,8.619999999999999885e-01
2.617642423011304231e+00,8.629999999999999893e-01
2.615357631977273112e+00,8.639999999999999902e-01
2.617543732893434338e+00,8.649999999999999911e-01
2.617782154507703574e+00,8.659999999999999920e-01
2.617668357643193389e+00,8.669999999999999929e-01
2.617768932044807872e+00,8.679999999999999938e-01
2.620344325389648343e+00,8.689999999999999947e-01
2.614448721543506160e+00,8.699999999999999956e-01
2.612786329729016366e+00,8.709999999999999964e-01
2.613134485130104601e+00,8.719999999999999973e-01
2.617469102813099635e+00,8.729999999999999982e-01
2.608868316422201072e+00,8.739999999999999991e-01
2.608933151037601483e+00,8.750000000000000000e-01
2.599561204334902342e+00,8.760000000000000009e-01
2.600116695159782942e+00,8.770000000000000018e-01
2.594056104610969804e+00,8.780000000000000027e-01
2.594310575026972820e+00,8.790000000000000036e-01
2.595293265361176438e+00,8.800000000000000044e-01
2.594561973514929676e+00,8.810000000000000053e-01
2.586654107692093252e+00,8.820000000000000062e-01
2.587104398392918281e+00,8.830000000000000071e-01
2.586639420079856588e+00,8.840000000000000080e-01
2.586208109876225514e+00,8.850000000000000089e-01
2.591228770036248630e+00,8.860000000000000098e-01
2.599352849822988976e+00,8.870000000000000107e-01
2.598393525205151988e+00,8.880000000000000115e-01
2.589194829993359370e+00,8.890000000000000124e-01
2.585162135455171928e+00,8.900000000000000133e-01
2.585712981670504895e+00,8.910000000000000142e-01
2.586943118424571253e+00,8.920000000000000151e-01
2.587081755126485305e+00,8.930000000000000160e-01
2.586778066567326118e+00,8.940000000000000169e-01
2.592098646582584820e+00,8.950000000000000178e-01
2.592429020922597971e+00,8.960000000000000187e-01
2.593512543535016146e+00,8.970000000000000195e-01
2.593560663624201901e+00,8.980000000000000204e-01
2.594432482715881783e+00,8.990000000000000213e-01
2.589139555187936814e+00,9.000000000000000222e-01
2.597274767861838640e+00,9.010000000000000231e-01
2.600118023640299203e+00,9.020000000000000240e-01
2.599390723991747532e+00,9.030000000000000249e-01
2.596518684261859278e+00,9.040000000000000258e-01
2.595508248685091779e+00,9.050000000000000266e-01
2.595230609893758977e+00,9.060000000000000275e-01
2.593693644630652884e+00,9.070000000000000284e-01
2.595539540710513293e+00,9.080000000000000293e-01
2.593689856844724417e+00,9.090000000000000302e-01
2.588841143251312982e+00,9.100000000000000311e-01
2.588429833356689969e+00,9.110000000000000320e-01
2.587763299173519105e+00,9.120000000000000329e-01
2.588851413497141429e+00,9.130000000000000338e-01
2.588660277635002505e+00,9.140000000000000346e-01
2.589413130501020177e+00,9.150000000000000355e-01
2.589767813748800052e+00,9.160000000000000364e-01
2.591670448178096109e+00,9.170000000000000373e-01
2.591703845477283608e+00,9.180000000000000382e-01
2.592992418052027848e+00,9.190000000000000391e-01
2.592542888596933270e+00,9.200000000000000400e-01
2.593339758646463267e+00,9.210000000000000409e-01
2.595175267255421581e+00,9.220000000000000417e-01
2.595340762530077061e+00,9.230000000000000426e-01
2.594621182081512156e+00,9.240000000000000435e-01
2.594935204417978092e+00,9.250000000000000444e-01
2.595393419753886821e+00,9.260000000000000453e-01
2.599579204897602747e+00,9.270000000000000462e-01
2.599763493408111081e+00,9.280000000000000471e-01
2.600350586194932312e+00,9.290000000000000480e-01
2.607226632985138792e+00,9.300000000000000488e-01
2.607506031293976623e+00,9.310000000000000497e-01
2.605387590648861718e+00,9.320000000000000506e-01
2.604793436849740296e+00,9.330000000000000515e-01
2.604242116373944427e+00,9.340000000000000524e-01
2.604238108558953879e+00,9.350000000000000533e-01
2.602648441656494338e+00,9.360000000000000542e-01
2.601372891655714614e+00,9.370000000000000551e-01
2.602532936971825084e+00,9.380000000000000560e-01
2.603266389792662228e+00,9.390000000000000568e-01
2.606175323170306868e+00,9.400000000000000577e-01
2.605336068513957493e+00,9.410000000000000586e-01
2.612906292488554882e+00,9.420000000000000595e-01
2.765649767110001989e+00,9.430000000000000604e-01
2.765437515024987469e+00,9.440000000000000613e-01
2.765852466848069291e+00,9.450000000000000622e-01
2.765115932597298265e+00,9.460000000000000631e-01
2.753803791392829936e+00,9.470000000000000639e-01
2.755817798053051604e+00,9.480000000000000648e-01
2.755555369690507295e+00,9.490000000000000657e-01
2.754910713492786822e+00,9.500000000000000666e-01
2.755785689688697637e+00,9.510000000000000675e-01
2.752754856318524901e+00,9.520000000000000684e-01
2.752917989370984753e+00,9.530000000000000693e-01
2.753488090988788883e+00,9.540000000000000702e-01
2.752856698936947399e+00,9.550000000000000711e-01
2.752580118201774617e+00,9.560000000000000719e-01
2.752537553742252729e+00,9.570000000000000728e-01
2.756934786545620408e+00,9.580000000000000737e-01
2.757403601686539751e+00,9.590000000000000746e-01
2.754682621219983307e+00,9.599999999999999645e-01
2.752591461511621151e+00,9.609999999999999654e-01
2.752896365701614112e+00,9.619999999999999662e-01
2.752122782929219191e+00,9.629999999999999671e-01
2.752367268447807547e+00,9.639999999999999680e-01
2.753112722507199184e+00,9.649999999999999689e-01
2.753681636560006751e+00,9.659999999999999698e-01
2.754629293097286880e+00,9.669999999999999707e-01
2.755025173769920066e+00,9.679999999999999716e-01
2.754713464743024254e+00,9.689999999999999725e-01
2.754388732491872105e+00,9.699999999999999734e-01
2.753921232220917670e+00,9.709999999999999742e-01
2.753168902561445197e+00,9.719999999999999751e-01
2.755142244291992171e+00,9.729999999999999760e-01
2.754896836752293243e+00,9.739999999999999769e-01
2.753720391518070354e+00,9.749999999999999778e-01
2.754232264245014772e+00,9.759999999999999787e-01
2.756235441828575272e+00,9.769999999999999796e-01
2.756511666797230919e+00,9.779999999999999805e-01
2.748388146890455630e+00,9.789999999999999813e-01
2.747975538383360838e+00,9.799999999999999822e-01
2.746578179693257571e+00,9.809999999999999831e-01
2.747789650182489218e+00,9.819999999999999840e-01
2.747410823694541371e+00,9.829999999999999849e-01
2.747540491519836703e+00,9.839999999999999858e-01
2.747347308432100732e+00,9.849999999999999867e-01
2.747345399504060204e+00,9.859999999999999876e-01
2.746761208354582706e+00,9.869999999999999885e-01
2.747086173994190084e+00,9.879999999999999893e-01
2.743119411521307338e+00,9.889999999999999902e-01
2.742616413006003118e+00,9.899999999999999911e-01
2.739627695583232825e+00,9.909999999999999920e-01
2.739477447999203452e+00,9.919999999999999929e-01
2.736978217732869201e+00,9.929999999999999938e-01
2.736977517245321678e+00,9.939999999999999947e-01
2.737651310847823982e+00,9.949999999999999956e-01
2.737492532288313019e+00,9.959999999999999964e-01
2.789398603078366623e+00,9.969999999999999973e-01
2.791295192185448304e+00,9.979999999999999982e-01
2.792172029774078634e+00,9.989999999999999991e-01
2.792801003066176069e+00,1.000000000000000000e+00
