-1.855650869854947801e-02,0.000000000000000000e+00
7.972910364444004208e-03,1.000000000000000021e-03
-2.578123561800726646e-02,2.000000000000000042e-03
1.703174445436869688e-02,3.000000000000000062e-03
3.066905441605989602e-02,4.000000000000000083e-03
-5.537207833372242288e-02,5.000000000000000104e-03
7.315476760709672954e-02,6.000000000000000125e-03
-9.944571361616208471e-02,7.000000000000000146e-03
9.910246941045756930e-02,8.000000000000000167e-03
-2.131204998467060158e-02,9.000000000000001055e-03
-5.209485460266094492e-02,1.000000000000000021e-02
7.063184439586818464e-02,1.099999999999999936e-02
-6.221348951016875128e-02,1.200000000000000025e-02
1.696028298828900285e-02,1.300000000000000114e-02
-1.359978137905985818e-02,1.400000000000000029e-02
6.178002159161221502e-02,1.499999999999999944e-02
-2.634486909874369717e-02,1.600000000000000033e-02
-2.621703027699693114e-02,1.700000000000000122e-02
1.401291851279918774e-02,1.800000000000000211e-02
2.041199602804025584e-02,1.899999999999999953e-02
-3.307964553009400122e-02,2.000000000000000042e-02
2.229364876014119923e-02,2.100000000000000130e-02
-5.564072906566698562e-02,2.199999999999999872e-02
7.321938399460330149e-02,2.299999999999999961e-02
-2.303962740411647295e-02,2.400000000000000050e-02
-7.783140809973852769e-03,2.500000000000000139e-02
-1.131659163511759651e-02,2.600000000000000228e-02
3.182514336564912921e-02,2.699999999999999969e-02
-2.210121474195980706e-02,2.800000000000000058e-02
6.626689318519718257e-03,2.900000000000000147e-02
-3.486072642813227776e-03,2.999999999999999889e-02
3.407963957264503740e-02,3.099999999999999978e-02
-1.949082372418136852e-02,3.200000000000000067e-02
5.873577265549412806e-03,3.300000000000000155e-02
-1.169963294431264865e-02,3.400000000000000244e-02
7.710726195413626465e-03,3.500000000000000333e-02
-1.432053066552826416e-02,3.600000000000000422e-02
-1.091640484923391344e-02,3.699999999999999817e-02
2.991431481579799254e-02,3.799999999999999906e-02
-4.285029985841532635e-02,3.899999999999999994e-02
5.974551807735985903e-02,4.000000000000000083e-02
-3.121831964056400247e-02,4.100000000000000172e-02
-6.632081890963340606e-04,4.200000000000000261e-02
-4.104641576735836950e-04,4.300000000000000350e-02
-1.942788135698075153e-02,4.399999999999999745e-02
7.715148469515707361e-03,4.499999999999999833e-02
4.522689983957884664e-03,4.599999999999999922e-02
1.504303386196990423e-02,4.700000000000000011e-02
2.403659253135021975e-02,4.800000000000000100e-02
-4.496148893278720943e-02,4.900000000000000189e-02
-4.118771860178591093e-02,5.000000000000000278e-02
7.752567223250934891e-02,5.100000000000000366e-02
-1.961512813280211209e-02,5.200000000000000455e-02
-1.126161766297770379e-02,5.299999999999999850e-02
3.963255373089724642e-02,5.399999999999999939e-02
-3.387751840012087623e-02,5.500000000000000028e-02
-7.304836171555590361e-03,5.600000000000000117e-02
2.140567696274594742e-02,5.700000000000000205e-02
-1.364509512226976320e-02,5.800000000000000294e-02
-4.088064472630951497e-03,5.900000000000000383e-02
-1.800312547746718561e-02,5.999999999999999778e-02
5.153110767887190274e-03,6.099999999999999867e-02
6.926137676359697681e-02,6.199999999999999956e-02
-7.611775858271251083e-02,6.300000000000000044e-02
4.046742995133228299e-02,6.400000000000000133e-02
-1.637834085067071607e-02,6.500000000000000222e-02
3.046215626575785040e-02,6.600000000000000311e-02
-3.110892470495113526e-02,6.700000000000000400e-02
5.886359506657458385e-02,6.800000000000000488e-02
-8.559218073901946056e-02,6.900000000000000577e-02
4.583767296118999857e-02,7.000000000000000666e-02
2.453397185152217386e-02,7.100000000000000755e-02
-7.289157003022904424e-02,7.200000000000000844e-02
4.913750715392269097e-02,7.299999999999999545e-02
-1.748318517223374641e-02,7.399999999999999634e-02
1.250580772227872367e-02,7.499999999999999722e-02
-1.834819987472555494e-02,7.599999999999999811e-02
3.216026259317136815e-02,7.699999999999999900e-02
-2.134894683766636048e-02,7.799999999999999989e-02
-3.088563258506040257e-02,7.900000000000000078e-02
1.814816293872229674e-02,8.000000000000000167e-02
-1.230970177604752414e-02,8.100000000000000255e-02
9.120967796713752920e-03,8.200000000000000344e-02
7.133853818942700875e-02,8.300000000000000433e-02
-6.804172538902227008e-02,8.400000000000000522e-02
1.836723901934442585e-02,8.500000000000000611e-02
-2.751617827949547068e-02,8.600000000000000699e-02
1.609024282917550022e-02,8.700000000000000788e-02
-6.066080763395970306e-03,8.799999999999999489e-02
-2.477181908313643918e-02,8.899999999999999578e-02
1.763763525806696236e-02,8.999999999999999667e-02
-1.491315580622131279e-02,9.099999999999999756e-02
6.498684157043597975e-02,9.199999999999999845e-02
-6.650279594807169403e-02,9.299999999999999933e-02
4.353523675349222494e-02,9.400000000000000022e-02
-1.587024263846251518e-02,9.500000000000000111e-02
7.990323476874011330e-03,9.600000000000000200e-02
-1.814672766310667859e-02,9.700000000000000289e-02
3.984533437595409733e-02,9.800000000000000377e-02
-1.066414552581167706e-02,9.900000000000000466e-02
-1.137434756665603973e-02,1.000000000000000056e-01
-2.967681854629223518e-03,1.010000000000000064e-01
4.438630379413706882e-03,1.020000000000000073e-01
5.861416334903919202e-03,1.030000000000000082e-01
2.403061723274016806e-02,1.040000000000000091e-01
-8.842028607776815374e-02,1.049999999999999961e-01
3.676840920727287437e-02,1.059999999999999970e-01
-2.727129923146478716e-02,1.069999999999999979e-01
4.711283494301950203e-02,1.079999999999999988e-01
-3.372797671224254945e-02,1.089999999999999997e-01
8.957643897863375171e-03,1.100000000000000006e-01
2.620918899792343618e-02,1.110000000000000014e-01
-1.787102916549991984e-03,1.120000000000000023e-01
-2.176645320513506329e-02,1.130000000000000032e-01
8.924311074906890462e-03,1.140000000000000041e-01
2.774655877957510688e-02,1.150000000000000050e-01
-1.691076084762266687e-02,1.160000000000000059e-01
1.274142659106373802e-02,1.170000000000000068e-01
-1.256324265571293584e-02,1.180000000000000077e-01
-1.160985899212087225e-02,1.190000000000000085e-01
1.258231966632245707e-02,1.199999999999999956e-01
2.140399760426237724e-02,1.209999999999999964e-01
-2.247779084433485300e-02,1.219999999999999973e-01
-2.733414089081896356e-02,1.229999999999999982e-01
3.512036017619657446e-02,1.239999999999999991e-01
-4.335352928490014690e-03,1.250000000000000000e-01
-2.646422202873250154e-02,1.260000000000000009e-01
1.809096634387027253e-02,1.270000000000000018e-01
2.836494680439130209e-02,1.280000000000000027e-01
-5.078792038951367160e-02,1.290000000000000036e-01
4.359635525085965579e-02,1.300000000000000044e-01
-2.000516060817317601e-02,1.310000000000000053e-01
-2.895830103120263996e-02,1.320000000000000062e-01
1.795055470586534238e-02,1.330000000000000071e-01
2.754313428922917570e-02,1.340000000000000080e-01
-2.517828713620802808e-02,1.350000000000000089e-01
-2.768420592756931295e-02,1.360000000000000098e-01
7.768447457207225404e-02,1.370000000000000107e-01
-2.798561524677007500e-02,1.380000000000000115e-01
-7.468751217635731521e-03,1.390000000000000124e-01
-6.718608103720788080e-03,1.400000000000000133e-01
-2.671359139964424659e-02,1.410000000000000142e-01
7.123358965878716365e-02,1.420000000000000151e-01
-1.939546487432764962e-02,1.430000000000000160e-01
7.020489264235790783e-03,1.440000000000000169e-01
-5.450882790025366603e-02,1.449999999999999900e-01
3.421219427171532821e-04,1.459999999999999909e-01
2.387352941197743925e-02,1.469999999999999918e-01
6.559241422531771233e-03,1.479999999999999927e-01
-1.983054184614968518e-02,1.489999999999999936e-01
3.094365297803817333e-02,1.499999999999999944e-01
-1.197771906651859224e-02,1.509999999999999953e-01
-1.604709134223638450e-02,1.519999999999999962e-01
7.296609634115566387e-03,1.529999999999999971e-01
-2.626774194336817594e-03,1.539999999999999980e-01
7.667034136320317645e-05,1.549999999999999989e-01
-4.016250299373883004e-02,1.559999999999999998e-01
7.207159031403122251e-02,1.570000000000000007e-01
-5.584047965328233637e-02,1.580000000000000016e-01
4.836348729364616655e-02,1.590000000000000024e-01
-2.201958980552561410e-02,1.600000000000000033e-01
3.338493490570127592e-02,1.610000000000000042e-01
-6.257733379931348927e-02,1.620000000000000051e-01
1.630159500179815743e-02,1.630000000000000060e-01
7.626397382541771734e-03,1.640000000000000069e-01
-2.341455092169077157e-03,1.650000000000000078e-01
2.538246518660788528e-02,1.660000000000000087e-01
-1.341529708582091945e-02,1.670000000000000095e-01
-3.469401266092378162e-03,1.680000000000000104e-01
3.426036455078076276e-02,1.690000000000000113e-01
-1.933003727102435010e-02,1.700000000000000122e-01
1.901455019041416866e-02,1.710000000000000131e-01
-2.260780641247946490e-02,1.720000000000000140e-01
1.375789342860762876e-02,1.730000000000000149e-01
-3.914505220765450433e-02,1.740000000000000158e-01
1.980037181463188689e-02,1.750000000000000167e-01
1.114761315869007736e-02,1.759999999999999898e-01
-3.078838058298790509e-02,1.769999999999999907e-01
3.473833608148989976e-02,1.779999999999999916e-01
-1.178327987996500431e-02,1.789999999999999925e-01
-1.243846519659496047e-04,1.799999999999999933e-01
-2.324059324615827468e-02,1.809999999999999942e-01
9.747425530258292670e-03,1.819999999999999951e-01
1.452240203537746160e-02,1.829999999999999960e-01
-2.833489893334378493e-02,1.839999999999999969e-01
1.279704984893756219e-02,1.849999999999999978e-01
6.727789632147167589e-03,1.859999999999999987e-01
3.392092994875960804e-02,1.869999999999999996e-01
-6.132980292319255983e-02,1.880000000000000004e-01
5.901698870711681588e-02,1.890000000000000013e-01
-5.081827306023407875e-02,1.900000000000000022e-01
1.718398878925457909e-02,1.910000000000000031e-01
-1.618947970095693453e-02,1.920000000000000040e-01
-4.767001662823963670e-04,1.930000000000000049e-01
2.151472155312654511e-02,1.940000000000000058e-01
2.028979830341159224e-02,1.950000000000000067e-01
-2.051809344959343653e-02,1.960000000000000075e-01
-2.339170621316634738e-02,1.970000000000000084e-01
5.078282111261798321e-02,1.980000000000000093e-01
-4.029757842312210736e-02,1.990000000000000102e-01
3.936835896712484288e-03,2.000000000000000111e-01
1.511537865504313828e-02,2.010000000000000120e-01
1.221432178433370062e-02,2.020000000000000129e-01
-4.005265716190143516e-02,2.030000000000000138e-01
4.946020812523969218e-02,2.040000000000000147e-01
-2.615316754660396495e-02,2.050000000000000155e-01
-5.766419572592771867e-03,2.060000000000000164e-01
1.657059835889491267e-02,2.070000000000000173e-01
-1.623412170662733023e-02,2.080000000000000182e-01
3.441195519128298699e-03,2.089999999999999913e-01
-3.853687046590186654e-02,2.099999999999999922e-01
6.187159018585649400e-02,2.109999999999999931e-01
-1.841455271570550944e-02,2.119999999999999940e-01
2.289819760162931789e-02,2.129999999999999949e-01
-3.554052216148575333e-02,2.139999999999999958e-01
4.638033209957751445e-03,2.149999999999999967e-01
-5.469342423149889561e-03,2.159999999999999976e-01
-1.816014397343506314e-03,2.169999999999999984e-01
-1.668411432865486710e-02,2.179999999999999993e-01
7.820700451708860468e-02,2.190000000000000002e-01
-6.543401588283298542e-02,2.200000000000000011e-01
1.799498899804563568e-02,2.210000000000000020e-01
1.612762574264166608e-03,2.220000000000000029e-01
1.049138229711495292e-02,2.230000000000000038e-01
-4.812387073159121037e-02,2.240000000000000047e-01
5.412120663776091162e-02,2.250000000000000056e-01
-4.288856433127731516e-02,2.260000000000000064e-01
7.931202248779616742e-03,2.270000000000000073e-01
-2.444444788769194101e-03,2.280000000000000082e-01
1.871434275701678446e-02,2.290000000000000091e-01
2.180262110142480725e-02,2.300000000000000100e-01
-4.717632840152567036e-02,2.310000000000000109e-01
2.242922580027848292e-02,2.320000000000000118e-01
9.998435477713703626e-03,2.330000000000000127e-01
-1.243380215162363280e-02,2.340000000000000135e-01
-1.974805388826404717e-02,2.350000000000000144e-01
2.211033366178000864e-02,2.360000000000000153e-01
-1.065687439751463600e-02,2.370000000000000162e-01
3.760038095642739830e-02,2.380000000000000171e-01
-5.266719199670035628e-02,2.390000000000000180e-01
4.566816121867225270e-02,2.399999999999999911e-01
-1.104080116237666186e-02,2.409999999999999920e-01
-9.790959582419322960e-03,2.419999999999999929e-01
-8.813732924968036529e-04,2.429999999999999938e-01
-2.485613983160611315e-03,2.439999999999999947e-01
-9.440796653680477366e-03,2.449999999999999956e-01
3.377664636806564091e-02,2.459999999999999964e-01
-3.447761480985862825e-02,2.469999999999999973e-01
3.769583488379790043e-02,2.479999999999999982e-01
-4.022671626380956711e-02,2.489999999999999991e-01
4.135719638891985350e-02,2.500000000000000000e-01
-1.029050112384443175e-02,2.510000000000000009e-01
-6.736817120337574086e-03,2.520000000000000018e-01
-3.041022562739588084e-02,2.530000000000000027e-01
2.655623698529084933e-02,2.540000000000000036e-01
-2.195550295483238504e-02,2.550000000000000044e-01
4.712921593641982571e-02,2.560000000000000053e-01
-5.726203500968683052e-02,2.570000000000000062e-01
5.629339166087215379e-02,2.580000000000000071e-01
-4.708577411667305701e-02,2.590000000000000080e-01
5.251555327034682953e-03,2.600000000000000089e-01
5.725667357069332691e-03,2.610000000000000098e-01
6.413548607896099596e-02,2.620000000000000107e-01
-9.085029496130302140e-02,2.630000000000000115e-01
4.876874339333769903e-02,2.640000000000000124e-01
-3.877042206990583342e-03,2.650000000000000133e-01
-1.574658502340128483e-02,2.660000000000000142e-01
1.027169857096757108e-02,2.670000000000000151e-01
-1.097755441730488557e-02,2.680000000000000160e-01
-1.332714281574274608e-02,2.690000000000000169e-01
5.036951120262761483e-02,2.700000000000000178e-01
-3.140307906920009745e-02,2.710000000000000187e-01
-1.960636107579983786e-02,2.720000000000000195e-01
2.281237184984218069e-02,2.730000000000000204e-01
-2.253739589459974151e-03,2.740000000000000213e-01
-5.291148655585221032e-05,2.750000000000000222e-01
2.295761174885648653e-02,2.760000000000000231e-01
-1.909011676635261404e-02,2.770000000000000240e-01
-1.917021847157763040e-02,2.780000000000000249e-01
3.872352182495446271e-02,2.790000000000000258e-01
-2.414357294152014513e-02,2.800000000000000266e-01
-5.759866488280367298e-03,2.810000000000000275e-01
-2.329490535771405399e-02,2.820000000000000284e-01
5.662273243622990143e-02,2.830000000000000293e-01
-5.080629866402325973e-02,2.840000000000000302e-01
3.606313067409983031e-02,2.850000000000000311e-01
-4.657796779897607764e-02,2.860000000000000320e-01
4.825632820370301911e-03,2.870000000000000329e-01
2.860297485469432202e-02,2.880000000000000338e-01
-9.421833002547435471e-03,2.889999999999999791e-01
1.369501409914686968e-02,2.899999999999999800e-01
2.693253980889301000e-02,2.909999999999999809e-01
-2.869309897495021799e-02,2.919999999999999818e-01
-9.610162868758499385e-03,2.929999999999999827e-01
3.068842367318990599e-02,2.939999999999999836e-01
-3.575549886289385720e-02,2.949999999999999845e-01
6.906476453511264935e-03,2.959999999999999853e-01
3.073917740978132640e-02,2.969999999999999862e-01
-3.509800595988171734e-02,2.979999999999999871e-01
5.411100957710202053e-02,2.989999999999999880e-01
-9.635840882687525533e-02,2.999999999999999889e-01
9.525560107141069210e-02,3.009999999999999898e-01
-3.855450724911674287e-02,3.019999999999999907e-01
6.357998699191705523e-03,3.029999999999999916e-01
-3.561913021760933652e-03,3.039999999999999925e-01
1.471447216408132072e-02,3.049999999999999933e-01
-2.892319314150737508e-02,3.059999999999999942e-01
2.663985942329880410e-02,3.069999999999999951e-01
-6.364451436243349913e-02,3.079999999999999960e-01
4.580405914928893651e-02,3.089999999999999969e-01
-2.381395381654467444e-02,3.099999999999999978e-01
7.623863776487329116e-03,3.109999999999999987e-01
-4.358637590310880314e-03,3.119999999999999996e-01
1.369402780708685319e-02,3.130000000000000004e-01
1.187479829143097028e-02,3.140000000000000013e-01
9.512088383727183849e-03,3.150000000000000022e-01
-2.620589173288905352e-02,3.160000000000000031e-01
-1.207581938150604616e-03,3.170000000000000040e-01
1.792427706009018518e-02,3.180000000000000049e-01
-3.058870128149410172e-02,3.190000000000000058e-01
2.948627432545740043e-02,3.200000000000000067e-01
-7.299454608878068115e-03,3.210000000000000075e-01
1.071050207998508474e-02,3.220000000000000084e-01
-2.320130857450400028e-02,3.230000000000000093e-01
1.509610494427721453e-02,3.240000000000000102e-01
-2.410343306429629795e-02,3.250000000000000111e-01
3.890647187734624923e-02,3.260000000000000120e-01
-1.103978522551791845e-02,3.270000000000000129e-01
2.789316194023334916e-02,3.280000000000000138e-01
-4.101086794449677886e-02,3.290000000000000147e-01
-1.447458167417980512e-03,3.300000000000000155e-01
2.520357462501130602e-02,3.310000000000000164e-01
-1.624065294185834604e-02,3.320000000000000173e-01
1.529174836860504143e-02,3.330000000000000182e-01
-1.512010333564197881e-02,3.340000000000000191e-01
-2.999025378454736948e-02,3.350000000000000200e-01
1.748147819136469661e-02,3.360000000000000209e-01
2.378253161204195790e-02,3.370000000000000218e-01
-3.462455954109743689e-02,3.380000000000000226e-01
8.843961771071745526e-02,3.390000000000000235e-01
-8.557994988153276583e-02,3.400000000000000244e-01
2.902491874777523087e-02,3.410000000000000253e-01
2.533200313660884453e-02,3.420000000000000262e-01
-3.026989881755931186e-02,3.430000000000000271e-01
-1.574498764843398901e-02,3.440000000000000280e-01
1.673974670845399665e-02,3.450000000000000289e-01
-1.093550575025831369e-02,3.460000000000000298e-01
1.692761088783332557e-03,3.470000000000000306e-01
2.152094775507136862e-02,3.480000000000000315e-01
-1.666903176191613517e-02,3.490000000000000324e-01
5.057006411244659161e-03,3.500000000000000333e-01
3.205642547036419154e-02,3.510000000000000342e-01
-1.769308300541793527e-02,3.519999999999999796e-01
-1.098359550753670415e-02,3.529999999999999805e-01
-1.985428639084313440e-02,3.539999999999999813e-01
1.245957776726856585e-02,3.549999999999999822e-01
1.188898047170710084e-02,3.559999999999999831e-01
-2.155858677130398707e-02,3.569999999999999840e-01
-2.514444557436986555e-03,3.579999999999999849e-01
2.478497692902782018e-02,3.589999999999999858e-01
-2.160401683662070346e-02,3.599999999999999867e-01
-1.994245926803583924e-03,3.609999999999999876e-01
1.842361708389410671e-02,3.619999999999999885e-01
-2.343943959716696113e-02,3.629999999999999893e-01
2.951422349573524367e-02,3.639999999999999902e-01
-1.909139737874303300e-02,3.649999999999999911e-01
2.907543184108629664e-03,3.659999999999999920e-01
-3.065130571467663753e-02,3.669999999999999929e-01
3.443610815604587760e-02,3.679999999999999938e-01
-1.142117823586552908e-03,3.689999999999999947e-01
1.125171141965265222e-02,3.699999999999999956e-01
1.763172066699701668e-02,3.709999999999999964e-01
-1.181121026878523099e-02,3.719999999999999973e-01
-3.268578710812934662e-02,3.729999999999999982e-01
4.907984070979139191e-02,3.739999999999999991e-01
-2.641261340660766219e-02,3.750000000000000000e-01
-1.841903163183661318e-02,3.760000000000000009e-01
4.219512717493244421e-03,3.770000000000000018e-01
8.106917753316657260e-03,3.780000000000000027e-01
-1.198873959900469653e-02,3.790000000000000036e-01
3.348660663269200505e-02,3.800000000000000044e-01
-5.230298107601059898e-02,3.810000000000000053e-01
5.605051404042082908e-02,3.820000000000000062e-01
-1.663374779104314499e-02,3.830000000000000071e-01
-1.941798553025585530e-02,3.840000000000000080e-01
5.290366652847090095e-03,3.850000000000000089e-01
-3.937439873681266439e-02,3.860000000000000098e-01
3.342898468306720189e-02,3.870000000000000107e-01
1.783048103391828921e-03,3.880000000000000115e-01
5.325774574078944584e-02,3.890000000000000124e-01
-3.131433413132612281e-02,3.900000000000000133e-01
-1.894068038673379657e-03,3.910000000000000142e-01
-1.622539591504758294e-02,3.920000000000000151e-01
-9.656960047618096121e-03,3.930000000000000160e-01
1.753901205607243455e-02,3.940000000000000169e-01
-5.713856707971788629e-03,3.950000000000000178e-01
3.779014340552496604e-02,3.960000000000000187e-01
-1.032953481141016400e-01,3.970000000000000195e-01
9.797290865682441174e-02,3.980000000000000204e-01
-3.912537025599071433e-02,3.990000000000000213e-01
2.411205328103184845e-02,4.000000000000000222e-01
-2.353073550441014614e-02,4.010000000000000231e-01
-7.397692974306895562e-03,4.020000000000000240e-01
-2.469261427025332134e-03,4.030000000000000249e-01
1.952627665745550883e-02,4.040000000000000258e-01
-2.531070079008850091e-03,4.050000000000000266e-01
1.420602725098272373e-02,4.060000000000000275e-01
-3.288785520047869670e-02,4.070000000000000284e-01
3.522695740697005199e-03,4.080000000000000293e-01
8.828262900704774568e-03,4.090000000000000302e-01
4.070035674463758080e-02,4.100000000000000311e-01
-5.110103847814723155e-02,4.110000000000000320e-01
5.615651899993963359e-02,4.120000000000000329e-01
-4.383353118411433685e-02,4.130000000000000338e-01
2.314399299888843242e-02,4.140000000000000346e-01
-2.679008196278783935e-02,4.150000000000000355e-01
2.340889927141842630e-02,4.160000000000000364e-01
-5.124876172050037842e-03,4.169999999999999818e-01
-3.883302776187081990e-03,4.179999999999999827e-01
-1.301672911663757232e-02,4.189999999999999836e-01
-4.731447220182291406e-03,4.199999999999999845e-01
1.324497465500266112e-02,4.209999999999999853e-01
-6.915787280674474957e-02,4.219999999999999862e-01
7.640504841327075414e-02,4.229999999999999871e-01
1.071654318359965136e-02,4.239999999999999880e-01
-6.670244029748616417e-03,4.249999999999999889e-01
-1.222291492466794083e-02,4.259999999999999898e-01
9.335970533854483916e-03,4.269999999999999907e-01
1.150494934150730203e-02,4.279999999999999916e-01
-7.223223333536772824e-03,4.289999999999999925e-01
3.266195753933862338e-03,4.299999999999999933e-01
1.772919561746752470e-02,4.309999999999999942e-01
-6.939405054922677396e-02,4.319999999999999951e-01
5.605922559838226460e-02,4.329999999999999960e-01
1.378940344635759888e-02,4.339999999999999969e-01
-4.888048087569878131e-02,4.349999999999999978e-01
1.009513782947600059e-02,4.359999999999999987e-01
7.768298357561967751e-03,4.369999999999999996e-01
-5.466012717628292855e-03,4.380000000000000004e-01
-8.939676859199495104e-03,4.390000000000000013e-01
-8.220002936571726981e-03,4.400000000000000022e-01
6.002293048425163396e-02,4.410000000000000031e-01
-3.139563262884707828e-02,4.420000000000000040e-01
-2.262956380795370925e-02,4.430000000000000049e-01
-1.477998515539383001e-03,4.440000000000000058e-01
2.933887429455377550e-03,4.450000000000000067e-01
1.384212213514161155e-02,4.460000000000000075e-01
-1.058132745322418015e-02,4.470000000000000084e-01
1.842732514115587306e-02,4.480000000000000093e-01
-6.213903637077739309e-03,4.490000000000000102e-01
9.690687879927613324e-03,4.500000000000000111e-01
-2.450188831044926990e-02,4.510000000000000120e-01
2.858389448940388058e-02,4.520000000000000129e-01
-2.968633834565238480e-02,4.530000000000000138e-01
-4.381473216039363794e-03,4.540000000000000147e-01
3.416449099949799700e-02,4.550000000000000155e-01
7.093953795204684283e-03,4.560000000000000164e-01
-3.376063980601398673e-02,4.570000000000000173e-01
4.539649149489684982e-02,4.580000000000000182e-01
-3.055695601437457762e-02,4.590000000000000191e-01
3.399321702670046741e-02,4.600000000000000200e-01
-5.154050482409043565e-02,4.610000000000000209e-01
-2.054471550526841116e-03,4.620000000000000218e-01
6.601356174309291024e-03,4.630000000000000226e-01
1.629023481053772614e-03,4.640000000000000235e-01
-1.411634620344782640e-02,4.650000000000000244e-01
2.760081011409841814e-02,4.660000000000000253e-01
-1.410619218184351598e-02,4.670000000000000262e-01
1.300797063967056195e-02,4.680000000000000271e-01
-2.104698262529702130e-02,4.690000000000000280e-01
-7.717946075428129722e-03,4.700000000000000289e-01
2.966160982388870923e-02,4.710000000000000298e-01
-1.080256900938921915e-03,4.720000000000000306e-01
5.538513356049042796e-04,4.730000000000000315e-01
-1.062083231752369503e-02,4.740000000000000324e-01
-8.856298799925246129e-03,4.750000000000000333e-01
2.273920182958982447e-02,4.760000000000000342e-01
-2.851430881378984664e-02,4.770000000000000351e-01
2.519347425325212803e-02,4.780000000000000360e-01
-1.442424610662963042e-02,4.790000000000000369e-01
6.181316586739731521e-03,4.799999999999999822e-01
-1.298426607647335841e-02,4.809999999999999831e-01
5.115382872043274659e-02,4.819999999999999840e-01
-4.468825634430208249e-02,4.829999999999999849e-01
3.376981192282328681e-02,4.839999999999999858e-01
-2.958650837320469032e-02,4.849999999999999867e-01
-1.157309731509621915e-02,4.859999999999999876e-01
3.515260932812008104e-02,4.869999999999999885e-01
3.466550046012376301e-03,4.879999999999999893e-01
-1.665167592952626271e-02,4.889999999999999902e-01
1.127311799662179641e-02,4.899999999999999911e-01
-1.442573905185292465e-02,4.909999999999999920e-01
1.023662639243579781e-02,4.919999999999999929e-01
-6.092548701738476936e-03,4.929999999999999938e-01
1.059762255906582067e-02,4.939999999999999947e-01
-3.078474881626139248e-02,4.949999999999999956e-01
1.527345022201286040e-02,4.959999999999999964e-01
-3.747372333427155533e-02,4.969999999999999973e-01
4.855131583142961726e-02,4.979999999999999982e-01
-2.797531956078476087e-02,4.989999999999999991e-01
5.574728925943742835e-03,5.000000000000000000e-01
1.697361015702628442e-02,5.010000000000000009e-01
-2.458797286681007038e-03,5.020000000000000018e-01
-1.133696468916506848e-02,5.030000000000000027e-01
8.777084522698225949e-03,5.040000000000000036e-01
2.208874400118030715e-03,5.050000000000000044e-01
-6.928926708196183303e-03,5.060000000000000053e-01
1.027293363446437659e-02,5.070000000000000062e-01
-3.267215042646073875e-02,5.080000000000000071e-01
9.768896741850470813e-03,5.090000000000000080e-01
3.110849715112252653e-02,5.100000000000000089e-01
-6.178502747942849621e-02,5.110000000000000098e-01
4.349512077401879173e-02,5.120000000000000107e-01
-1.049413135051868208e-02,5.130000000000000115e-01
1.813010807407110930e-02,5.140000000000000124e-01
-1.413413081389364168e-02,5.150000000000000133e-01
-2.965065487335917863e-02,5.160000000000000142e-01
6.971388804157377383e-02,5.170000000000000151e-01
-5.957723458875188727e-02,5.180000000000000160e-01
3.911136713515204338e-02,5.190000000000000169e-01
-1.036110204447641091e-02,5.200000000000000178e-01
-1.826419679312112423e-02,5.210000000000000187e-01
4.048731838056852245e-02,5.220000000000000195e-01
-3.260402202592552895e-02,5.230000000000000204e-01
-4.109220259863000276e-03,5.240000000000000213e-01
-7.774437404214176381e-03,5.250000000000000222e-01
4.170557916426818196e-02,5.260000000000000231e-01
-2.335135560957333004e-02,5.270000000000000240e-01
1.356948972566640469e-03,5.280000000000000249e-01
-7.027639267033320390e-03,5.290000000000000258e-01
1.809027871166385068e-02,5.300000000000000266e-01
8.104111852872221411e-03,5.310000000000000275e-01
-2.301293479668525127e-02,5.320000000000000284e-01
1.435658110091638830e-02,5.330000000000000293e-01
-2.012542309001933219e-02,5.340000000000000302e-01
-2.269038598071027035e-02,5.350000000000000311e-01
3.187020412739125647e-02,5.360000000000000320e-01
-9.856223111699022321e-03,5.370000000000000329e-01
9.084408418271870678e-03,5.380000000000000338e-01
5.223879020853095141e-03,5.390000000000000346e-01
2.626590921340240387e-02,5.400000000000000355e-01
-3.381414301047187126e-02,5.410000000000000364e-01
6.615288432017866344e-03,5.420000000000000373e-01
-1.730955926811718251e-03,5.430000000000000382e-01
-6.231513341044090694e-03,5.440000000000000391e-01
-5.972363592154849091e-03,5.450000000000000400e-01
3.599199983333147002e-02,5.460000000000000409e-01
-2.870207191357196375e-02,5.470000000000000417e-01
3.551116083047369670e-02,5.480000000000000426e-01
-6.547044676853920608e-02,5.490000000000000435e-01
3.658160440074382375e-02,5.500000000000000444e-01
2.109304917545732488e-02,5.510000000000000453e-01
-1.116039777221555264e-02,5.520000000000000462e-01
-3.997459987932364123e-02,5.530000000000000471e-01
3.337389336767039583e-02,5.540000000000000480e-01
-3.928983650307512308e-03,5.550000000000000488e-01
-1.395976385121192737e-02,5.560000000000000497e-01
1.252521836351871455e-02,5.570000000000000506e-01
5.705223587598761033e-03,5.580000000000000515e-01
1.241399198673836905e-02,5.590000000000000524e-01
-2.808784138866216376e-02,5.600000000000000533e-01
1.920931417327943411e-02,5.610000000000000542e-01
-8.140806478111498740e-03,5.620000000000000551e-01
1.811745909096015850e-02,5.630000000000000560e-01
-5.912823609959550093e-03,5.640000000000000568e-01
-1.366417998287258392e-02,5.650000000000000577e-01
2.549379519635072873e-03,5.660000000000000586e-01
-1.344669008586878156e-02,5.670000000000000595e-01
2.871122127545772465e-02,5.680000000000000604e-01
-1.782935720757790679e-02,5.690000000000000613e-01
2.699312235373022353e-02,5.700000000000000622e-01
-2.200672098573685370e-02,5.710000000000000631e-01
-4.719938908223828694e-02,5.720000000000000639e-01
3.455762579439628640e-02,5.730000000000000648e-01
-3.881993878514563429e-02,5.740000000000000657e-01
4.053302954815798942e-02,5.750000000000000666e-01
2.758896956834987896e-02,5.760000000000000675e-01
-5.913692234459961422e-02,5.769999999999999574e-01
2.319061366650698730e-02,5.779999999999999583e-01
2.487534358752055766e-02,5.789999999999999591e-01
-1.017497842028658450e-02,5.799999999999999600e-01
-4.603689899757866522e-03,5.809999999999999609e-01
-2.252268931887575418e-02,5.819999999999999618e-01
3.480130650453744368e-02,5.829999999999999627e-01
-1.581786036156279315e-02,5.839999999999999636e-01
2.926248762844870302e-02,5.849999999999999645e-01
-4.430480332197030136e-02,5.859999999999999654e-01
5.706865821680578293e-02,5.869999999999999662e-01
-7.857919127315017571e-02,5.879999999999999671e-01
6.852416068793026893e-02,5.889999999999999680e-01
-1.247415778055128641e-02,5.899999999999999689e-01
-3.219495785063800769e-02,5.909999999999999698e-01
2.331650962319440148e-02,5.919999999999999707e-01
-5.111550874804604919e-03,5.929999999999999716e-01
8.729713314044056441e-03,5.939999999999999725e-01
1.228300805842413076e-03,5.949999999999999734e-01
1.619672297631480004e-02,5.959999999999999742e-01
-2.442658962525447522e-02,5.969999999999999751e-01
1.004646603430588798e-03,5.979999999999999760e-01
-1.069010928566350473e-02,5.989999999999999769e-01
-1.206737476368849663e-02,5.999999999999999778e-01
3.497409939903234344e-02,6.009999999999999787e-01
-6.889024301488748782e-04,6.019999999999999796e-01
-2.725547674754320859e-02,6.029999999999999805e-01
6.911898384972376547e-03,6.039999999999999813e-01
2.516391534571105204e-02,6.049999999999999822e-01
-4.386173856353981632e-02,6.059999999999999831e-01
4.530886013405895085e-02,6.069999999999999840e-01
-3.905611621034053849e-02,6.079999999999999849e-01
-1.190434495553549521e-02,6.089999999999999858e-01
-1.648025308273216860e-02,6.099999999999999867e-01
5.161438886093159401e-02,6.109999999999999876e-01
-1.674596876284566507e-02,6.119999999999999885e-01
1.889248769906145056e-02,6.129999999999999893e-01
-2.160180827758386227e-02,6.139999999999999902e-01
-9.277492426442825527e-03,6.149999999999999911e-01
-1.193768756843400711e-02,6.159999999999999920e-01
2.667186281944019036e-02,6.169999999999999929e-01
-5.514472856144550517e-03,6.179999999999999938e-01
6.712403709135188537e-03,6.189999999999999947e-01
-3.848632716857302086e-03,6.199999999999999956e-01
1.238951666343852606e-02,6.209999999999999964e-01
2.615498633095207637e-02,6.219999999999999973e-01
-3.479253333427012596e-02,6.229999999999999982e-01
-2.135564380625255138e-02,6.239999999999999991e-01
2.512597541655015726e-02,6.250000000000000000e-01
7.568914529392282986e-03,6.260000000000000009e-01
-2.461661829651659236e-02,6.270000000000000018e-01
4.399567110951358578e-02,6.280000000000000027e-01
-1.124355343461784333e-02,6.290000000000000036e-01
1.879755435779425013e-02,6.300000000000000044e-01
-2.371970160830152649e-02,6.310000000000000053e-01
-1.165214779302784767e-03,6.320000000000000062e-01
-2.511580392003124121e-02,6.330000000000000071e-01
3.100787614364667114e-02,6.340000000000000080e-01
-2.175818280896175960e-02,6.350000000000000089e-01
3.360615189423873245e-02,6.360000000000000098e-01
-4.296143718366265962e-02,6.370000000000000107e-01
4.219146307061371129e-03,6.380000000000000115e-01
5.196989158738406916e-02,6.390000000000000124e-01
-5.438343543133591224e-02,6.400000000000000133e-01
1.995818242323948999e-02,6.410000000000000142e-01
-4.805915296027580413e-02,6.420000000000000151e-01
4.333366898687755070e-02,6.430000000000000160e-01
3.490567183624627978e-02,6.440000000000000169e-01
-6.401435927628932460e-03,6.450000000000000178e-01
-2.905867960690861757e-02,6.460000000000000187e-01
-3.007743384842273202e-02,6.470000000000000195e-01
5.656782907462937215e-02,6.480000000000000204e-01
-3.299418319343889322e-02,6.490000000000000213e-01
6.065772262149326209e-03,6.500000000000000222e-01
4.304652351770934388e-02,6.510000000000000231e-01
-4.474175524057600467e-02,6.520000000000000240e-01
2.536804866303111680e-02,6.530000000000000249e-01
-1.153249770691636839e-02,6.540000000000000258e-01
-7.608244730579859748e-03,6.550000000000000266e-01
1.658928299430025011e-02,6.560000000000000275e-01
-2.108592132510469716e-02,6.570000000000000284e-01
4.846660277623422719e-02,6.580000000000000293e-01
-3.657147700496589382e-02,6.590000000000000302e-01
4.000685122546081274e-03,6.600000000000000311e-01
-1.911598077453620717e-02,6.610000000000000320e-01
9.660668715647691140e-03,6.620000000000000329e-01
-3.406944396689980809e-02,6.630000000000000338e-01
5.990643477717614435e-02,6.640000000000000346e-01
6.939448516936461489e-03,6.650000000000000355e-01
-3.127628065488083364e-02,6.660000000000000364e-01
-1.473126819497335739e-02,6.670000000000000373e-01
1.756053851892529216e-03,6.680000000000000382e-01
-1.914485925564261837e-02,6.690000000000000391e-01
6.224512792406384359e-02,6.700000000000000400e-01
-6.539395119261232070e-02,6.710000000000000409e-01
3.368035792042774895e-02,6.720000000000000417e-01
-1.374017115811784241e-02,6.730000000000000426e-01
2.501404708758044743e-02,6.740000000000000435e-01
-1.448412417157649013e-02,6.750000000000000444e-01
-2.381088287079625998e-02,6.760000000000000453e-01
5.046683029110013430e-02,6.770000000000000462e-01
-2.886215695496419705e-03,6.780000000000000471e-01
-4.013443009838828235e-02,6.790000000000000480e-01
-5.000232983934677078e-03,6.800000000000000488e-01
1.441253976386490214e-02,6.810000000000000497e-01
3.102174238575618886e-02,6.820000000000000506e-01
-2.936542327713793574e-02,6.830000000000000515e-01
2.035996819351743384e-02,6.840000000000000524e-01
-2.819378140731216772e-02,6.850000000000000533e-01
4.607487562147918186e-02,6.860000000000000542e-01
-3.732177914617589021e-02,6.870000000000000551e-01
-2.886077033867948723e-03,6.880000000000000560e-01
9.360355105549460555e-03,6.890000000000000568e-01
1.184719238792078522e-02,6.900000000000000577e-01
-3.275970505601297385e-03,6.910000000000000586e-01
-3.510661725426531682e-02,6.920000000000000595e-01
-3.241247427600704245e-04,6.930000000000000604e-01
3.657659646770985984e-02,6.940000000000000613e-01
2.290341753727580254e-02,6.950000000000000622e-01
-1.166846648390639819e-02,6.960000000000000631e-01
-2.384160109845771813e-02,6.970000000000000639e-01
-5.150727292001318000e-03,6.980000000000000648e-01
-6.815817521274566103e-03,6.990000000000000657e-01
2.912391232155769893e-02,7.000000000000000666e-01
-2.444641260794882046e-02,7.010000000000000675e-01
5.022427171771759458e-02,7.020000000000000684e-01
-8.115589732882705354e-02,7.030000000000000693e-01
5.469450079510516233e-02,7.039999999999999591e-01
2.365585063254157898e-03,7.049999999999999600e-01
-2.721174855232209953e-03,7.059999999999999609e-01
-3.580768341198604238e-02,7.069999999999999618e-01
4.100490076098824155e-02,7.079999999999999627e-01
-3.485149181541817576e-02,7.089999999999999636e-01
5.400308578664540088e-02,7.099999999999999645e-01
-4.158427635075089696e-02,7.109999999999999654e-01
3.622816983003643819e-03,7.119999999999999662e-01
8.019955921045167704e-03,7.129999999999999671e-01
-9.323691964670546839e-03,7.139999999999999680e-01
-2.302547885221481461e-02,7.149999999999999689e-01
8.118456425558851636e-03,7.159999999999999698e-01
2.735733328596820849e-02,7.169999999999999707e-01
1.754635472545820404e-02,7.179999999999999716e-01
-6.610149876634559274e-02,7.189999999999999725e-01
4.362865465899578438e-02,7.199999999999999734e-01
-1.148805104716353435e-02,7.209999999999999742e-01
1.370563345199234291e-02,7.219999999999999751e-01
-2.490361980952740875e-02,7.229999999999999760e-01
1.209025878164261651e-02,7.239999999999999769e-01
1.313014368807025913e-02,7.249999999999999778e-01
-7.064336323030590177e-03,7.259999999999999787e-01
-3.863375203803559588e-02,7.269999999999999796e-01
6.300739466649572795e-02,7.279999999999999805e-01
9.098822519927272359e-04,7.289999999999999813e-01
-3.880382312086014251e-02,7.299999999999999822e-01
2.919703361237501946e-02,7.309999999999999831e-01
-8.190295162759281961e-03,7.319999999999999840e-01
3.800767502599018428e-03,7.329999999999999849e-01
-2.943308933745744649e-02,7.339999999999999858e-01
2.287662896384046532e-02,7.349999999999999867e-01
-2.028634615844367509e-02,7.359999999999999876e-01
8.527546388523925269e-03,7.369999999999999885e-01
-5.724772886723408609e-03,7.379999999999999893e-01
3.303015877003575435e-02,7.389999999999999902e-01
-2.847094097622147879e-02,7.399999999999999911e-01
1.277872500978069308e-02,7.409999999999999920e-01
-2.302442184935541217e-02,7.419999999999999929e-01
-1.577561647183975792e-03,7.429999999999999938e-01
1.578358108615366198e-02,7.439999999999999947e-01
-2.915930934758800136e-02,7.449999999999999956e-01
4.701772354709713581e-02,7.459999999999999964e-01
1.289547499747919525e-02,7.469999999999999973e-01
-2.858988540483359958e-02,7.479999999999999982e-01
1.730854102675771083e-02,7.489999999999999991e-01
-9.967441204764724769e-03,7.500000000000000000e-01
1.973318289171921772e-02,7.510000000000000009e-01
-2.639456803638828494e-02,7.520000000000000018e-01
-6.402394584102630466e-03,7.530000000000000027e-01
1.946452376577958304e-02,7.540000000000000036e-01
1.869417089996502066e-04,7.550000000000000044e-01
6.463978038695070366e-04,7.560000000000000053e-01
-4.629224436002227910e-02,7.570000000000000062e-01
9.480172186636015921e-03,7.580000000000000071e-01
-5.554353508102876768e-04,7.590000000000000080e-01
4.156518681497786000e-02,7.600000000000000089e-01
-4.128346227337233859e-02,7.610000000000000098e-01
2.927792405415799090e-02,7.620000000000000107e-01
-4.607023814539892154e-02,7.630000000000000115e-01
8.132344566108416772e-02,7.640000000000000124e-01
-8.798277067263550813e-03,7.650000000000000133e-01
-3.190153690941442688e-02,7.660000000000000142e-01
-1.701372700266282284e-03,7.670000000000000151e-01
-3.794911936185637897e-03,7.680000000000000160e-01
-1.206287999231348863e-02,7.690000000000000169e-01
-1.232348589177767982e-02,7.700000000000000178e-01
3.830115373968063369e-02,7.710000000000000187e-01
-1.262861814063112598e-03,7.720000000000000195e-01
-2.750391750966421633e-02,7.730000000000000204e-01
-2.958354233377345939e-03,7.740000000000000213e-01
5.622646285837450825e-02,7.750000000000000222e-01
-2.332188514429366435e-02,7.760000000000000231e-01
-1.270462792965988859e-02,7.770000000000000240e-01
1.613399557121996883e-02,7.780000000000000249e-01
-1.503794819354576165e-02,7.790000000000000258e-01
3.610334858877564668e-02,7.800000000000000266e-01
-1.999656434025521082e-02,7.810000000000000275e-01
-1.891537576588199704e-04,7.820000000000000284e-01
7.944253866264716288e-03,7.830000000000000293e-01
4.817632505743675748e-03,7.840000000000000302e-01
-2.499242524255364858e-03,7.850000000000000311e-01
-5.308745241686666644e-02,7.860000000000000320e-01
5.110842831241674961e-02,7.870000000000000329e-01
-3.417793615803874779e-02,7.880000000000000338e-01
7.350182914865318294e-03,7.890000000000000346e-01
2.698546750806603972e-02,7.900000000000000355e-01
-3.640875305453011163e-02,7.910000000000000364e-01
-2.112897215279380396e-04,7.920000000000000373e-01
2.420748804151560962e-02,7.930000000000000382e-01
-9.514026380919440168e-03,7.940000000000000391e-01
-2.991822643820700109e-02,7.950000000000000400e-01
8.560803253930614198e-02,7.960000000000000409e-01
-8.112927164731763285e-02,7.970000000000000417e-01
1.286357390172695146e-02,7.980000000000000426e-01
1.085977108601206623e-02,7.990000000000000435e-01
1.216924103425555403e-02,8.000000000000000444e-01
-1.158121981276296307e-02,8.010000000000000453e-01
1.964756728698377128e-02,8.020000000000000462e-01
2.791210360961891845e-02,8.030000000000000471e-01
-6.632980209459493626e-02,8.040000000000000480e-01
3.197517313633438385e-02,8.050000000000000488e-01
-5.751974722777674492e-02,8.060000000000000497e-01
3.414093871769163790e-02,8.070000000000000506e-01
4.361845533390335851e-03,8.080000000000000515e-01
1.510975944694424589e-02,8.090000000000000524e-01
-3.132546831293738215e-03,8.100000000000000533e-01
-5.932248167846561511e-03,8.110000000000000542e-01
-1.536491604204682235e-03,8.120000000000000551e-01
-2.898237352916161261e-02,8.130000000000000560e-01
4.938122570606212625e-02,8.140000000000000568e-01
-2.322592900297480722e-03,8.150000000000000577e-01
-3.789517377857262725e-02,8.160000000000000586e-01
3.817787809078213718e-02,8.170000000000000595e-01
-3.978498314298277438e-02,8.180000000000000604e-01
4.239967038434614560e-02,8.190000000000000613e-01
2.471763567052511282e-02,8.200000000000000622e-01
-6.405644024490353416e-02,8.210000000000000631e-01
2.590868137497394016e-02,8.220000000000000639e-01
-1.210182566498643579e-02,8.230000000000000648e-01
-7.819600007087985916e-03,8.240000000000000657e-01
2.808199059109755397e-02,8.250000000000000666e-01
1.675480224687190406e-02,8.260000000000000675e-01
-4.419244852641918825e-02,8.270000000000000684e-01
3.150186359275018722e-02,8.280000000000000693e-01
-2.881178115078379849e-03,8.290000000000000702e-01
-1.126079850982682207e-02,8.300000000000000711e-01
4.281859867353331357e-03,8.310000000000000719e-01
-2.532282428323302890e-03,8.320000000000000728e-01
-5.231256065041939990e-02,8.329999999999999627e-01
4.932272968455050227e-02,8.339999999999999636e-01
-1.053870063038357154e-02,8.349999999999999645e-01
4.365017179789916144e-03,8.359999999999999654e-01
-2.500631992386682934e-02,8.369999999999999662e-01
5.092560364442415277e-02,8.379999999999999671e-01
-2.408825600334636025e-02,8.389999999999999680e-01
-1.650832531407940215e-02,8.399999999999999689e-01
4.200059803473575777e-03,8.409999999999999698e-01
1.447413527224347685e-02,8.419999999999999707e-01
-2.060762265866133286e-02,8.429999999999999716e-01
4.774197515602028596e-02,8.439999999999999725e-01
3.492825495225446229e-04,8.449999999999999734e-01
-3.993347945177738723e-02,8.459999999999999742e-01
1.798134957729075750e-02,8.469999999999999751e-01
4.234040737597264542e-02,8.479999999999999760e-01
-5.270714858572617817e-02,8.489999999999999769e-01
2.040530797598107474e-02,8.499999999999999778e-01
-3.073480798845194817e-02,8.509999999999999787e-01
1.277576909204691455e-02,8.519999999999999796e-01
9.368925111554765595e-03,8.529999999999999805e-01
-1.332516219875199553e-02,8.539999999999999813e-01
4.556032245978703515e-02,8.549999999999999822e-01
-9.819891920559802034e-02,8.559999999999999831e-01
7.099172173078707737e-02,8.569999999999999840e-01
1.733706634325136303e-02,8.579999999999999849e-01
-3.005657749035047302e-02,8.589999999999999858e-01
-5.302020223578641882e-03,8.599999999999999867e-01
3.195491205718842959e-02,8.609999999999999876e-01
-3.858028796296780749e-02,8.619999999999999885e-01
-3.702184111154764937e-03,8.629999999999999893e-01
4.252656536338841192e-02,8.639999999999999902e-01
-1.074693544156338568e-02,8.649999999999999911e-01
-1.791477930254170570e-02,8.659999999999999920e-01
-2.990827797408131868e-03,8.669999999999999929e-01
4.356520903212016127e-02,8.679999999999999938e-01
-5.366606133514845167e-02,8.689999999999999947e-01
3.499233369523559872e-02,8.699999999999999956e-01
-3.557028781356871144e-02,8.709999999999999964e-01
2.708357407246466189e-02,8.719999999999999973e-01
-3.046350803418138367e-02,8.729999999999999982e-01
-1.906790280737654525e-02,8.739999999999999991e-01
3.523811944263117307e-02,8.750000000000000000e-01
-1.708537315691090186e-02,8.760000000000000009e-01
4.590814700430777967e-02,8.770000000000000018e-01
-3.641083336877886517e-02,8.780000000000000027e-01
-9.475951143267298885e-03,8.790000000000000036e-01
5.370867555827699147e-02,8.800000000000000044e-01
-2.794217477570924354e-02,8.810000000000000053e-01
1.563944039481241985e-02,8.820000000000000062e-01
-4.459996834088774537e-02,8.830000000000000071e-01
-6.265369481871422772e-03,8.840000000000000080e-01
3.939472898872212886e-02,8.850000000000000089e-01
-1.805204098963603468e-02,8.860000000000000098e-01
4.314322259231372775e-02,8.870000000000000107e-01
-3.025002762709118678e-02,8.880000000000000115e-01
-1.204058283663775493e-02,8.890000000000000124e-01
4.092153824471022119e-03,8.900000000000000133e-01
1.128065479271876496e-02,8.910000000000000142e-01
-3.748685665673805179e-02,8.920000000000000151e-01
3.998485604543280253e-02,8.930000000000000160e-01
-3.634793003156084473e-02,8.940000000000000169e-01
5.950883313907995298e-02,8.950000000000000178e-01
-3.336780063500655730e-02,8.960000000000000187e-01
7.870679515957667433e-03,8.970000000000000195e-01
-8.152479539068457209e-03,8.980000000000000204e-01
-3.293113581310268267e-02,8.990000000000000213e-01
3.802338664610289271e-02,9.000000000000000222e-01
-3.796175267022364186e-02,9.010000000000000231e-01
3.437057466073871470e-02,9.020000000000000240e-01
-1.456686329814820165e-02,9.030000000000000249e-01
1.069543258488458125e-02,9.040000000000000258e-01
-3.083036845370347792e-02,9.050000000000000266e-01
6.120277176207526010e-02,9.060000000000000275e-01
-1.954269917591355821e-02,9.070000000000000284e-01
1.592073390978736638e-02,9.080000000000000293e-01
-1.577594394540945619e-02,9.090000000000000302e-01
-2.667168456214294783e-02,9.100000000000000311e-01
3.611764099039873471e-02,9.110000000000000320e-01
1.909437126942619767e-03,9.120000000000000329e-01
-5.318246182942629359e-03,9.130000000000000338e-01
-2.103493310475247971e-02,9.140000000000000346e-01
3.380388118889000870e-02,9.150000000000000355e-01
-5.372425779272343299e-02,9.160000000000000364e-01
2.728103419046897654e-02,9.170000000000000373e-01
1.229052981487869026e-02,9.180000000000000382e-01
1.001945366698788094e-02,9.190000000000000391e-01
-7.388971745093450560e-02,9.200000000000000400e-01
5.785592065849595733e-02,9.210000000000000409e-01
-2.963039056177299915e-02,9.220000000000000417e-01
3.501217328865719597e-02,9.230000000000000426e-01
-3.331402639926585307e-02,9.240000000000000435e-01
2.973599147457240202e-02,9.250000000000000444e-01
1.180346633946905734e-02,9.260000000000000453e-01
3.251025042956427746e-03,9.270000000000000462e-01
1.760763697513293216e-02,9.280000000000000471e-01
-3.619828388446206385e-02,9.290000000000000480e-01
2.623159753170953897e-03,9.300000000000000488e-01
-2.296789593775758545e-02,9.310000000000000497e-01
3.259786985381869784e-02,9.320000000000000506e-01
-2.956753848221499448e-03,9.330000000000000515e-01
-2.702940595825147410e-02,9.340000000000000524e-01
3.793866357683969848e-02,9.350000000000000533e-01
-2.212931963345733926e-03,9.360000000000000542e-01
-5.025229627619514500e-02,9.370000000000000551e-01
5.624658654561621313e-03,9.380000000000000560e-01
1.049666251975460776e-02,9.390000000000000568e-01
9.227956872479398456e-03,9.400000000000000577e-01
-3.485075542111920610e-02,9.410000000000000586e-01
2.641607707167866609e-02,9.420000000000000595e-01
1.272736826409007638e-03,9.430000000000000604e-01
1.809601052399650509e-02,9.440000000000000613e-01
-2.764918003332154234e-02,9.450000000000000622e-01
6.317867453355482943e-03,9.460000000000000631e-01
1.471441583951305955e-02,9.470000000000000639e-01
-1.960362339047331398e-02,9.480000000000000648e-01
2.481353346557310310e-02,9.490000000000000657e-01
-3.430814518642410355e-02,9.500000000000000666e-01
1.205553793842302317e-02,9.510000000000000675e-01
2.759146342055976767e-02,9.520000000000000684e-01
-2.795550197796137920e-02,9.530000000000000693e-01
-4.814527845954271997e-04,9.540000000000000702e-01
1.486334515163625393e-02,9.550000000000000711e-01
1.129764393599776671e-02,9.560000000000000719e-01
-2.212174836482120113e-02,9.570000000000000728e-01
2.298710277376787153e-02,9.580000000000000737e-01
-1.696099823761102257e-02,9.590000000000000746e-01
5.217121579925651682e-03,9.599999999999999645e-01
1.662015060315632457e-03,9.609999999999999654e-01
4.938127666002757772e-03,9.619999999999999662e-01
8.102901710672972754e-03,9.629999999999999671e-01
-3.027340621642079718e-02,9.639999999999999680e-01
1.167271482345277021e-02,9.649999999999999689e-01
-1.181827633876458838e-02,9.659999999999999698e-01
2.814863727440664390e-02,9.669999999999999707e-01
-8.920046971338076863e-03,9.679999999999999716e-01
2.397589891479331298e-02,9.689999999999999725e-01
-4.497677585423832253e-02,9.699999999999999734e-01
3.369133074854118587e-02,9.709999999999999742e-01
-3.918807895833231053e-02,9.719999999999999751e-01
5.081166951156726973e-03,9.729999999999999760e-01
-9.333020585537766742e-03,9.739999999999999769e-01
2.348106013019281638e-02,9.749999999999999778e-01
-6.550656152857198440e-03,9.759999999999999787e-01
2.753853974788456754e-02,9.769999999999999796e-01
-1.765126890810975874e-02,9.779999999999999805e-01
-5.466904932178477498e-03,9.789999999999999813e-01
3.022718630203822046e-02,9.799999999999999822e-01
-4.407413844367687877e-02,9.809999999999999831e-01
1.754682329731751048e-02,9.819999999999999840e-01
1.882906634255673839e-02,9.829999999999999849e-01
-4.459413670635836713e-02,9.839999999999999858e-01
4.840265524089121946e-02,9.849999999999999867e-01
-7.174865693560496249e-02,9.859999999999999876e-01
5.791416850848894737e-02,9.869999999999999885e-01
1.325220156176205866e-02,9.879999999999999893e-01
4.251910465301503295e-03,9.889999999999999902e-01
-3.933577863158275317e-02,9.899999999999999911e-01
-2.115026875011221871e-02,9.909999999999999920e-01
6.119141252368076600e-02,9.919999999999999929e-01
-4.726984322408848277e-02,9.929999999999999938e-01
5.701069745201092082e-02,9.939999999999999947e-01
-3.548651075902973032e-03,9.949999999999999956e-01
5.879638608935090251e-03,9.959999999999999964e-01
-4.816598317549326824e-02,9.969999999999999973e-01
2.162231592563182425e-02,9.979999999999999982e-01
-9.614744407847829882e-03,9.989999999999999991e-01
4.348062283588299305e-03,1.000000000000000000e+00
